,id,Track Name,date
0,6u0EAxf1OJTLS7CvInuNd7,Vai malandra (feat. Tropkillaz & DJ Yuri Martins),2018-01-01
1,0pDaqgIForVNO4jrtTxcWT,Agora Vai Sentar,2018-01-01
2,1kNVJQEkobOlyfbctPZ4fs,Amar Amei,2018-01-01
3,5ac0YTpOaDX9wEYYyGCglL,Ar-Condicionado No 15 - Ao Vivo,2018-01-01
4,3Ga6eKrUFf12ouh9Yw3v2D,Downtown,2018-01-01
5,228vRHzGfQh47EfLjuY1Yr,Rabiola,2018-01-01
6,7q5agbUOzZnVF4Yes3AD7I,Deixa Ela Beijar,2018-01-01
7,6UZJOc2HBrTp9DYfir9N8n,Regime Fechado - Ao Vivo,2018-01-01
8,6pSYjx66rlqRmGGTHhnjCo,Fazer Falta,2018-01-01
9,3sIMCkwUZbQbWeNOTG3ET4,Permanecer,2018-01-01
10,6ZR7rT7vfwtY0EqyLeyAaO,Ritmo Mexicano,2018-01-01
11,7yYOMPwpV5CsK0cxoAZT6B,Encaixa,2018-01-01
12,6gquljDBW7rE6mCBzmTRxo,Raspão - Ao Vivo,2018-01-01
13,2g2ZjM1GjY9Lf2Ff0L94Ul,Vidinha de Balada - Ao Vivo,2018-01-01
14,4kkQGhScJDzNIIGavQE9SN,Corpo Sensual (feat. Mateus Carrilho),2018-01-01
15,1xd3OqTbx17HutN7RfJOTj,Big Jet Plane,2018-01-01
16,12lOxvml5EBvSCzQll7xVS,Contrato,2018-01-01
17,7vgNGxchhqDQWjKjLPTPro,Abusadamente,2018-01-01
18,3ibRxEv4KkcU9e259eyNJA,Sua cara (feat. Anitta & Pabllo Vittar),2018-01-01
19,5JZlDZzWPbrYwMHmnOQO3U,Cê Acredita - Ao Vivo,2018-01-01
20,6BPt2sVRvE41rUixcCAHY6,A Mala É Falsa - Ao Vivo,2018-01-01
21,6wXYGqXCLtEHx4VDb2TPcM,Apelido Carinhoso,2018-01-01
22,0r0U9AcE4LP0QzJQDUUlXP,Ressaca de Saudade - Ao Vivo,2018-01-01
23,5zSiXA70xM4kuSt6qim6jl,K.O.,2018-01-01
24,4BjPsq3MXBNo4Qxg40igEr,Cara Bacana,2018-01-01
25,4YV827A7aWVswtyt0eWoWM,Sorte Que Cê Beija Bem - Ao Vivo,2018-01-01
26,0ofbQMrRDsUaVKq2mGLEAb,Havana,2018-01-01
27,7ieFtgZBYSC94nGs5yF0Wk,Azul Piscina,2018-01-01
28,2ekn2ttSfGqwhhate0LSR0,New Rules,2018-01-01
29,06ZpMjkNdIDKVf3mK29UiC,Never Let Me Go,2018-01-01
30,2cwFhwT6L2D4Olc25nhyZo,Amor Da Sua Cama,2018-01-01
31,7CtFr21TzdM4ntuBkwzpxg,Troféu do Ano,2018-01-01
32,1BkyiAw1L0BOHYckwpRX4V,Pesadão (Participação especial Marcelo Falcão),2018-01-01
33,1m1vw2OQTYHt9AukcIPs8x,Escalada pra Jogar,2018-01-01
34,1504k2wy349EtgioaW78Ht,Quase - Ao Vivo,2018-01-01
35,7qiZfU4dY1lWllzX7mPBI3,Shape of You,2018-01-01
36,6m2LNopVJKsvBB9l7Z1rwn,Olha a Explosão,2018-01-01
37,2srL4DYBekshpbprS6H0mO,Deixe Me Ir - Acústico,2018-01-01
38,4zWO4gvuFtw6EJZC5FFGlr,Bum Bum Tam Tam,2018-01-01
39,6uyMtLQXZ8amkLyv5l7F7O,Transplante,2018-01-01
40,5aLvtKo9672scTVdEwXPTg,Eu Vou Te Buscar (Cha La La La La),2018-01-01
41,6X5jBkAFu7HE3jigdoVW3r,Se é pra Gente Ficar,2018-01-01
42,1a5Yu5L18qNxVhXx38njON,Hear Me Now,2018-01-01
43,6P8v1a8jyfwG5kc7Si1kUp,Amante Não Tem Lar - Ao Vivo,2018-01-01
44,26bMmC90QF0FOd1ctDnkeU,Mulherão da Porra,2018-01-01
45,7wGoVu4Dady5GV0Sv4UIsx,rockstar,2018-01-01
46,1wgD52FywIwdnLdV2Fa8NK,De Copo Em Copo - Ao Vivo,2018-01-01
47,4JPSfCXQe6kDliMIJTqISW,Coladinha em Mim - Ao Vivo,2018-01-01
48,1zhfU6YXa2pXUAQdG1NvBZ,Vai Embrazando,2018-01-01
49,1bUazU9SSOh02AdlOPeTvm,O Grave Bater,2018-01-01
50,05rJdH2MRLJ3sQoEUO78qs,Paradinha,2018-01-01
51,1e315r3zQjsng2z952ePQ1,Ninguém É de Ferro,2018-01-01
52,2mL3B5GilTm4dUT6P8LVpd,Pode Se Soltar,2018-01-01
53,2d3TbSkAscvT3QRQalq6uT,Te Assumi Pro Brasil - Ao Vivo,2018-01-01
54,44mr3ypWNHa0inr3heiOb2,Medida Certa,2018-01-01
55,7EmGUiUaOSGDnUUQUDrOXC,Wolves,2018-01-01
56,1zsG4eaZmkA1dvjDDsAGLK,Échame La Culpa,2018-01-01
57,40bK2uosUmAS92c17n98xd,Acordando o Prédio,2018-01-01
58,3SdYnX1212sx5X0N4Lj3Vb,Tic Tac,2018-01-01
59,6EFIK4B0jrvLO096QYEhnX,Você Não Vale Nada,2018-01-01
60,2x67AU9q3lf7cfPSzxCDsL,De Trás Pra Frente - Ao Vivo,2018-01-01
61,2GfxgssRHvY1azHtaRqKoK,Paredes - Ao Vivo,2018-01-01
62,5CtI0qwDJkDQGwXD1H1cLb,Despacito - Remix,2018-01-01
63,6zZw7RPIs3IxDghP4UvWcY,Esqueci Como Namora,2018-01-01
64,3hBBKuWJfxlIlnd9QFoC8k,What Lovers Do (feat. SZA),2018-01-01
65,2AUvXXgYuNFJMCPdhxONfa,Qual Bumbum Mais Bate,2018-01-01
66,1hnGRSqLdeLB7x7kdDuizq,Na Conta Da Loucura - Ao Vivo,2018-01-01
67,39vJqbfolMyPJtJuyoj1EM,Avisa Que Eu Cheguei - Ao Vivo,2018-01-01
68,4YhPcVIxIAJrLhFVPGbJkE,De Quem É a Culpa? - Ao Vivo,2018-01-01
69,0u8aj0c4IxeVSLTUuuq9V5,Você Partiu Meu Coração,2018-01-01
70,12bMDI4NKm0arLS3PKv6Fo,Loka,2018-01-01
71,57AmbM2loMyozAU1kjW308,Era uma Vez,2018-01-01
72,0ihMkv4Usn03EEEF8Rlw22,Rapariga Não - Ao Vivo,2018-01-01
73,6AaoEX192rJ6o3UFwG43sV,Automaticamente,2018-01-01
74,2YCTACQ3QfMr9QtlGI2tQE,Terapinga - Ao Vivo,2018-01-01
75,5LVWGCl4mjGFXDIvQbOGvr,Nessas Horas - Ao Vivo,2018-01-01
76,0dGqIEsFN3KakdPCMkgjre,Dona Maria,2018-01-01
77,2Gvn46nwyQhUnQiFhlP7WX,Como Faz Com Ela - Ao Vivo,2018-01-01
78,6vve9WKW5I7fQzkU8dNsUE,E Essa Boca Aí? - Ao Vivo,2018-01-01
79,4KXdwfri1NIQCImLQr3Wli,Se Eu Tiver Solteiro,2018-01-01
80,2rb5MvYT7ZIxbKW5hfcHx8,Mi Gente,2018-01-01
81,2KwojFDebQV4J2b0JMRR5Q,Is That For Me,2018-01-01
82,6EbWh7j1nLYNd2Gqlqvrc3,Mentalmente - Ao Vivo,2018-01-01
83,61GiOLLEn0LcavpVu1my6Q,Fuego,2018-01-01
84,0PTKuTbIRUkwfdv4FRpiC8,Cheguei Pra Te Amar,2018-01-01
85,6gxcySGdwlisjOUGYmJmB8,Esse Dom,2018-01-01
86,1qDZnViQgUItsMpWLVwfGb,Fica - Bonus Track,2018-01-01
87,58tUwXG7xKE7gzNOp6Msca,Joga O Bum Bum Tam Tam,2018-01-01
88,0YK4RDyccDYO5aWQGKMZ2h,Chave Cópia - Ao Vivo,2018-01-01
89,04uZ473b5Y7syygehiQU7G,Sua Amiga Vou Pegar,2018-01-01
90,2JnvMToHG03X15PR6Z9DeA,Villamix (Suave),2018-01-01
91,2gl2F5Z6ReNVh0wcyPLCKA,Pegada Que Desgrama,2018-01-01
92,3X5zRkzlpTiajlkI9QXQUz,Meu Amor - Ao Vivo,2018-01-01
93,3j7FDNUqIMWKaji6PK5SyF,A Gente Brigou,2018-01-01
94,6PEdCE0cepdEqbUmAiyFUN,Sonhei Que Tava Me Casando - Ao Vivo,2018-01-01
95,3ao5U0ksMLvgSoJqOpsgmv,Oh Nanana,2018-01-01
96,6zCqeUUqLb2CapBmVwAHll,Meu Coração Deu PT - Ao Vivo,2018-01-01
97,2wc8HF4fqX4oPBuZnadO8t,Lei do Retorno,2018-01-01
98,0AyCBE9YKWjatl0ukCAhxN,Com Amor Não Se Brinca - Ao Vivo,2018-01-01
99,7JdZZfozlODQ08ATf8xIZ6,Anti-Amor - Ao Vivo,2018-01-01
100,3A1LphuJ5lQD6NjPtxtYFh,Aquela Pessoa - Ao Vivo,2018-01-01
101,5xVJU6DJHnmHnbbKS56yCC,4 da manhã,2018-01-01
102,4cn0Y9VlOUQ1CcdqTz0ROp,Noites Frustradas - Ao Vivo,2018-01-01
103,4aWmUDTfIPGksMNLV2rQP2,Despacito (Featuring Daddy Yankee),2018-01-01
104,3LFG5DqNQRK0yL6WNMw99P,Ciumento Eu - Ao Vivo,2018-01-01
105,7knOtdRwbbvP55B6KB2xvv,Saudade do Caramba - Ao Vivo,2018-01-01
106,0qYTZCo5Bwh1nsUFGZP3zn,Felices los 4,2018-01-01
107,6RUKPb4LETWmmr3iAEQktW,Something Just Like This,2018-01-01
108,4FxumkF81ICxITeqxx4nK9,Sim ou não (participação especial Maluma),2018-01-01
109,7cz1gO9AxCORurtWIpQHzP,Vai Faz a Fila,2018-01-01
110,6LEFk0KHRfahO5pOMJlbdV,Amigo Taxista,2018-01-01
111,1fbenbaBdr8ppDeGMOX121,Coisa de Deus - Ao Vivo,2018-01-01
112,7BKLCZ1jbUBVqRi2FVlTVw,Closer,2018-01-01
113,15MJGWNReEUQg5bmVmBjvh,Check-In,2018-01-01
114,0BxCStBKNEeV8vXvWLOJXQ,Harry porra,2018-01-01
115,7krl54SfiKf4fMlM7lGlWc,Acabou Acabou (Quando Eu Digo Que Acabou) - Ao Vivo,2018-01-01
116,6waLZw9qNP36DtHFPeyTz6,Coração de Aço,2018-01-01
117,2evRcqkyzWqaD9DJtP2oaU,Rabetão,2018-01-01
118,7vGuf3Y35N4wmASOKLUVVU,Silence,2018-01-01
119,3cPYDII1QoDmtR6lCUK4s1,Enquadra,2018-01-01
120,5Bc53chGSf3AoJRbB5mzR6,Ficadinha - Ao Vivo,2018-01-01
121,1n8MLpbFR0fuCjNnlyuHxS,Solteiro Apaixonado,2018-01-01
122,0tKcYR2II1VCQWT79i5NrW,Thunder,2018-01-01
123,2loApP0kPaim0BTDVP9F26,Movimento da sanfoninha - Ao vivo,2018-01-01
124,6cbZb9mVAc5s8HtwklLoI0,Cheguei,2018-01-01
125,5mR5GuercvLXgx4TPnGl9k,"Mordida, Beijo e Tapa",2018-01-01
126,2jq2SaLa7BeUtU6Lx9bxGU,Cadeira de Aço - Ao Vivo,2018-01-01
127,5AEtlRudpgdT5FtNiuly6Y,"Let Me Go (with Alesso, Florida Georgia Line & watt)",2018-01-01
128,2wFnRPjuqwNySFiK0Qfg8L,10% - Ao Vivo,2018-01-01
129,3m660poUr1chesgkkjQM7P,Sorry Not Sorry,2018-01-01
130,0EPxmvsG1BY5td4aTOkWBF,Deu Onda,2018-01-01
131,2CW04trIoYMbroZWDzPAjs,Medo Bobo - Ao Vivo,2018-01-01
132,2KGv51jgAz8OTjNPyRryfq,Pra Sempre Com Você - Ao Vivo,2018-01-01
133,45wqPwIH4A5cr2IyyD4WKf,Eu Sei de Cor - Ao Vivo | Acústico,2018-01-01
134,5SnQDj5REQVvAdSlhqkEcE,Malbec (Part. Dennis Dj) - Ao Vivo,2018-01-01
135,43ZyHQITOjhciSUUNPVRHc,Gucci Gang,2018-01-01
136,0tgVpDi06FyKpA1z0VMD4v,Perfect,2018-01-01
137,79cuOz3SPQTuFrp8WgftAu,There's Nothing Holdin' Me Back,2018-01-01
138,2hgsL5UcOToRWUnNg9Jxfi,Não Deixo Não,2018-01-01
139,1j4kHkkpqZRBwE0A4CN4Yv,Dusk Till Dawn - Radio Edit,2018-01-01
140,5Zha6IxtfsLjqLYndyWcER,Bom Rapaz - Ao Vivo,2018-01-01
141,5UEnHoDYpsxlfzWLZIc7LD,River (feat. Ed Sheeran),2018-01-01
142,4sFVdIwmVj2y87qqOWwSU3,Se o Amor Tiver Lugar,2018-01-01
143,6De0lHrwBfPfrhorm9q1Xl,Me Rehúso,2018-01-01
144,7fwXWKdDNI5IutOMc5OKYw,Mi Gente (feat. Beyoncé),2018-01-01
145,1OAh8uOEOvTDqkKFsKksCi,Wild Thoughts (feat. Rihanna & Bryson Tiller),2018-01-01
146,5bcTCxgc7xVfSaMV3RuVke,"Feels (feat. Pharrell Williams, Katy Perry & Big Sean)",2018-01-01
147,6aIrHPvM3l16MeS7iOQRYO,Um Brinde,2018-01-01
148,7vxMtIwEn1bUKTqPKEMzJJ,Linda,2018-01-01
149,0jIitZeIQRTaZgFQf2WpGK,Decide Aí - Na Praia / Ao Vivo,2018-01-01
150,1mXVgsBdtIVeCLJnSnmtdV,Too Good At Goodbyes,2018-01-01
151,76Fc23n9Nrs4wULSY58LPc,Aquecimento das Potrancas,2018-01-01
152,1Bq86AS6wf5a5cEB8CM6dZ,Exclusividade - Ao Vivo,2018-01-01
153,1xznGGDReH1oQq0xzbwXa3,One Dance,2018-01-01
154,1XCKlzIqaehohdUTihetGN,Cobertor de Orelha - Ao Vivo,2018-01-01
155,4F6wWmmWUG7MxMp0Yva7Qk,Tô Apaixonado Nessa Mina,2018-01-01
156,0KKkJNfGyhkQ5aFogxQAPU,That's What I Like,2018-01-01
157,2TihKW8ShdEEhKN3PSDEIq,Mais Amor e Menos Drama - Ao Vivo,2018-01-01
158,4iLqG9SeJSnt0cSPICSjxv,Attention,2018-01-01
159,007QSAaELpVxtX5Z6dMn0U,Laranjinha - Ao Vivo,2018-01-01
160,6VpQdig9pdpTSIFItgkJV5,Never Be the Same,2018-01-01
161,71bBFbfn2OBK5QwUJSLS44,More Than You Know,2018-01-01
162,4jMHEckO9hjPFHobn4lifZ,Decreto Liberado - Ao Vivo,2018-01-01
163,0QsvXIfqM0zZoerQfsI9lm,Don't Let Me Down,2018-01-01
164,38MpAndIjGAyVdcC6npX95,Infiel - Ao Vivo,2018-01-01
165,3a1lNhkSLSkpJE4MSHpDu9,Congratulations,2018-01-01
166,5ChkMS8OtdzJeqyybCc9R5,Billie Jean,2018-01-01
167,5DADus08IIflquBHizeOxm,"Casado, Namorando, Solteiro - Ao Vivo",2018-01-01
168,6LnGwyHtgWPiogv6tB9TqI,Baldin de Gelo,2018-01-01
169,6QgjcU0zLnzq5OrUoSZ3OK,Feel It Still,2018-01-01
170,5tz69p7tJuGPeMGwNTxYuV,1-800-273-8255,2018-01-01
171,5PB8zB1MOZASboLquvinMF,Reggaetón Lento (Remix),2018-01-01
172,47zBTlbsiXs9ooyPo7Z7VT,Contatinho,2018-01-01
173,4C6IBSWdeKpiEChXGhZaRs,Road,2018-01-01
174,1Cml3fnCNLZUC1EEtkcgVb,Bang,2018-01-01
175,6bgQIw80xWC3MPZX4kVYGw,Trevo (Tu),2018-01-01
176,0CcQNd8CINkwQfe1RDtGV6,Believer,2018-01-01
177,1bhUWB0zJMIKr9yVPrkEuI,Perfect Duet (Ed Sheeran & Beyoncé),2018-01-01
178,7w87IxuO7BDcJ3YUqCyMTT,Pumped Up Kicks,2018-01-01
179,4WiViQB00IRESI6RBo7QaU,Open Bar (Lean On),2018-01-01
180,12wiyBZqQ3mOU7AfygXJCw,Homem de Família - Ao Vivo,2018-01-01
181,2WTCoQLkQ9FPdvThkf8nN1,Me & You (feat. IRO),2018-01-01
182,4s75aDCVs0lm1ubPpw9cf8,Nossa Que Absurdo,2018-01-01
183,6S8yTw0KfidwuAq5Y6Bygj,Duvido Você Não Tomar Uma - Ao Vivo,2018-01-01
184,27SdWb2rFzO6GWiYDBTD9j,Cheap Thrills,2018-01-01
185,4lESS6vuruP6a79KWRaQou,Corazón,2018-01-01
186,2PS6YQ9jMpm0uCg4sQ1ygm,Oh Novinha,2018-01-01
187,7rfkSx8BvyojeBczYoz8Rj,Pelados Em Santos,2018-01-01
188,4Ti7WdCbPoxBBURxuY6sT9,Vai dar PT,2018-01-01
189,6mrKP2jyIQmM0rw6fQryjr,Let You Down,2018-01-01
190,1apjwIcLUSV0CNj1NfaS6m,Atura Ou Surta 2,2018-01-01
191,21j9YxYHSzrdcLBX3mb5UL,Quando O Mel É Bom - Ao Vivo,2018-01-01
192,4SdTyIjA6FuADAN9W8sZjq,Bumbum granada,2018-01-01
193,1C13CY3BoB8imJBjV9E3jT,Rabetania,2018-01-01
194,7GX5flRQZVHRAGd6B4TmDO,XO TOUR Llif3,2018-01-01
195,3ipKvc6xyJbTxVwoEjpLNv,Boca de Pêlo,2018-01-01
196,0rOQyLZJ9oASgtdoDZgrmK,Tá Escrito,2018-01-01
197,21TdkDRXuAB3k90ujRU1et,Cold (feat. Future),2018-01-01
198,6SwI4OplF8m5NH8wHKIps8,O Nosso Santo Bateu - Na Praia / Ao Vivo,2018-01-01
199,5knrAEjUMh6T2kDCN7YD2b,Sun Goes Down,2018-01-01
200,5Htb1uFQ1KrkFXlefS8oGj,Tell Me You Love Me,2018-01-02
201,7nZmah2llfvLDiUjm0kiyz,Friends (with BloodPop®),2018-01-02
202,1BuSbqff6EcL8gkdkjaB63,Duro Igual Concreto,2018-01-02
203,7Ed6BkggCS2KaKY5YlINaF,MIC Drop (feat. Desiigner) [Steve Aoki Remix],2018-01-02
204,5k38wzpLb15YgncyWdTZE4,Him & I (with Halsey),2018-01-02
205,1YUWhlQjFv7MQpcbb77zTL,Poesia Acústica #3: Capricorniana,2018-01-02
206,6fxVffaTuwjgEk5h9QyRjy,Photograph,2018-01-02
207,4lNriuYNZD2YP2OPG6xOte,Tem Café,2018-01-02
208,3AFfyUXTfj12PgrOkZiiJo,Treat You Better,2018-01-02
209,7iDa6hUg2VgEL1o1HjmfBn,Meant to Be (feat. Florida Georgia Line),2018-01-02
210,3A7qX2QjDlPnazUsRk5y0M,2U (feat. Justin Bieber),2018-01-02
211,0XLOf9LhyazPX9Ld8jPiUq,Fetish (feat. Gucci Mane),2018-01-02
212,5troof8mcGO3AafoDbk1gc,Look What You Made Me Do,2018-01-02
213,6WbADFqMvR8N5u0BvtsWQE,Without You (feat. Sandro Cavazza),2018-01-02
214,3bp5fh0qPmCqC5PWEewFkm,Oh Meu Deus,2018-01-02
215,6TtEsPJua1fXgiaYSjo4JD,Tenta Vir - Acústico,2018-01-02
216,7KXjTSCq5nL1LoYtL7XAwS,HUMBLE.,2018-01-02
217,4trOLZ5ybHUHHngGL1Mzbg,Cerveja De Garrafa (Fumaça Que Eu Faço) - Ao Vivo,2018-01-02
218,70lnL3QaSOIIyMa2X9aVRL,Perro Fiel (feat. Nicky Jam),2018-01-02
219,3eGK0WFi6ISJ9UZA6Za4HX,Singular,2018-01-02
220,2OALaHcDdKkjYEpAr0Qzab,Lonely Together (feat. Rita Ora),2018-01-02
221,5aAx2yezTd8zXrkmtKl66Z,Starboy,2018-01-02
222,2yGnStdGP0V45lPXAJpmDb,Agora Eu Quero Ir,2018-01-02
223,0eDFrr2qgbIPQSU9YQeAXM,Não Troco,2018-01-02
224,0I20rLT2MJDhcF96AjbNYo,Stay,2018-01-02
225,5TY4l2xPjXDcRhG1cmZDK7,Found U,2018-01-02
226,3B54sVLJ402zGa6Xm4YGNe,Unforgettable,2018-01-02
227,6kex4EBAj0WHXDKZMEJaaF,Swalla (feat. Nicki Minaj & Ty Dolla $ign),2018-01-02
228,0Zxswuv5xzIhxDnsKJLq82,Mercy,2018-01-02
229,7IQwT5VzrCo7UcMRljkkmR,He Like That,2018-01-03
230,2vHDurkzJ8dhCzoPzqiE2C,Por Favor - Spanglish Version,2018-01-03
231,7m9OqQk4RVRkw9JJdeAw96,Jocelyn Flores,2018-01-03
232,0pqyzGaS6qpdHs3bzjVYzb,Sem Contraindicação - Ao Vivo,2018-01-04
233,32DGGj6KlNuBr6WaqRxpxi,How Long,2018-01-04
234,6EpRaXYhGOB3fj4V2uDkMJ,Strip That Down,2018-01-04
235,0OlnLZY4cmQzT6ZGttvWBM,So Far Away (feat. Jamie Scott & Romy Dya),2018-01-04
236,76cy1WJvNGJTj78UqeA5zr,IDGAF,2018-01-04
237,2eIqsDLYwcHvhyuOH6BjBe,Memories,2018-01-04
238,0afhq8XCExXpqazXczTSve,Galway Girl,2018-01-04
239,7u9maPG2E4cN9qChpe80qm,Paraíso,2018-01-05
240,77vZMrfbZIgGKBcFe3MsD7,Paga De Solteiro Feliz,2018-01-05
241,1L3NV7VrCiuE8C5QlhdeQL,Filthy,2018-01-05
242,5hM6sP0Gh1jD57drszNueC,For You (Fifty Shades Freed) (& Rita Ora),2018-01-05
243,3Vo4wInECJQuz9BIBMOu8i,Finesse - Remix,2018-01-05
244,66kQ7wr4d2LwwSjr7HXcyr,All The Stars (with SZA),2018-01-05
245,3whrwq4DtvucphBPUogRuJ,Havana - Remix,2018-01-05
246,2ri2wEE24Tm7fOJ7sGiz7P,Que Tiro Foi Esse,2018-01-05
247,0tPQPaOKM32WgMSbPCYyRH,Dirty Sexy Money (feat. Charli XCX & French Montana),2018-01-05
248,1eumDcFTsoLPEN31viUhkt,Gravity,2018-01-05
249,1IcbQvHb9B7MikgQjfJtAl,Beber Com Emergência - Ao Vivo,2018-01-06
250,7bQ798Zl1FlT9dRMxkc77j,Os Maloca,2018-01-06
251,2RL74ODWD3YGcHIhNeJvNN,O Céu Explica Tudo - Ao Vivo,2018-01-07
252,5WrEqIllVjKgdmAmbhmKcY,,2018-01-09
253,7ozozCaLTXDY0ctHFLFlmK,Minha Ex Tá Bem,2018-01-10
254,2xmrfQpmS2iJExTlklLoAL,I Miss You (feat. Julia Michaels),2018-01-10
255,2Tq2R8sRftNEqdgJK5HadO,My My My!,2018-01-11
256,1rfofaqEpACxVEHIZBJe6W,Havana (feat. Young Thug),2018-01-12
257,4eWQlBRaTjPPUlzacqEeoQ,Never Be the Same,2018-01-12
258,5HwnezK198pJCEj1l2Adjy,She Loves Control,2018-01-12
259,7sTtHHrD0zDpmzQzH3zegz,Consequences,2018-01-12
260,4XLu3tTSZiPFVC9mmuR6Zp,All These Years,2018-01-12
261,5xi2SXmF3A5AIsuGXiUIZu,Inside Out,2018-01-12
262,7IL3UOlcJ6nmcCMwpnlfcA,Something's Gotta Give,2018-01-12
263,1GO9vCm5Cra5uWGSWQ5mGK,In the Dark,2018-01-12
264,3iq9nhbI8fcnNamxMft1uv,Real Friends,2018-01-12
265,2gxqozTaq2NYylvS8jd57G,Into It,2018-01-12
266,6h78dT41teS3xbyVwKBLV7,Joga Bunda,2018-01-12
267,1BLjmMShWtNFu6nqqoIokC,Cerveja De Garrafa (Fumaça Que Eu Faço) - Ao Vivo,2018-01-12
268,0wMFQ0UpnqvyZncX4JpVEA,Como É Que Faz,2018-01-12
269,2x0WlnmfG39ZuDmstl9xfX,End Game,2018-01-12
270,6zp6PbBzByRcPTQtXLQV9x,Mandella É Meu Nome,2018-01-13
271,5RTlMCZVt96sXsG3L2ideT,Psiquiatra do Bumbum (Bumbum Endoidado),2018-01-13
272,76Ib80J7t7EBvn86apevfB,Como Que Eu Tô,2018-01-14
273,1aLNpg2kKvUncflV8xE5AA,Linger,2018-01-15
274,12SJpYZEdj4kzWZ8FPFg4Y,All The Stars (with SZA),2018-01-15
275,6xy6jNeNTYwjnKTDzMyHw2,Zombie,2018-01-16
276,1eQuRtkMEPhf2DGzpBVTE6,Ode To My Family,2018-01-16
277,6wLsDD4wXkypWRM9fn1ZZ0,Tic Nervoso (Participação Especial Anitta),2018-01-16
278,30pVSKdzBpZ9Np4Y2bJbFM,Fuego,2018-01-18
279,4vKltMFviBKMdhYu3FDLY0,Machika,2018-01-19
280,6ys0kXJnE7wBQKvGrTg0VQ,Tô Com Moral No Céu! - Ao Vivo,2018-01-19
281,4Z6YruMINNspGet1gQyYlK,Supplies,2018-01-19
282,7jqDzXJS0K0Re8uphYNit0,Sick Boy,2018-01-19
283,11zbHn7pEJtO3JnW8UlelI,Is That For Me - 3LAU Remix,2018-01-19
284,6MNGxu8MprKGkchUchkJsy,Machika,2018-01-20
285,5Vw6ZLNB6Ko7VZM6vmNIbr,O Alvo - Ao Vivo,2018-01-20
286,4bXwQ9ZcMjoN28b4J9bykr,Só Vem! - Ao Vivo,2018-01-20
287,6YdjKSjVCnaG4Snrkxmv9a,Não Era Você,2018-01-20
288,2XW4DbS6NddZxRPm5rMCeY,God's Plan,2018-01-21
289,4gOgVYsfTUNp8GifD8GI7e,Pirata e tesouro - Ao vivo,2018-01-21
290,6HaTYIUKd8SzdvGOfutBRD,Poesia Acústica #2: Sobre Nós,2018-01-22
291,4muZ1PUxmss4cVmYnpLrvs,Refém,2018-01-22
292,75JFxkI2RXiU7L9VXzMkle,The Scientist,2018-01-22
293,68EMU2RD1ECNeOeJ5qAXCV,We Don't Talk Anymore (feat. Selena Gomez),2018-01-23
294,3pGTULhIlK8hYLD7ZQzijS,Imaturo,2018-01-24
295,2z4pcBLQXF2BXKFvd0BuB6,Tip Toe (feat. French Montana),2018-01-25
296,09ts3GnICqYEU5PkQCpJK3,Say Something,2018-01-26
297,1UHZufhxaaxZ3fUlTPoGEf,Carnaval - Spanish,2018-01-26
298,2cGltEGxVvnMAirIL4BQ6f,With Me,2018-01-26
299,1x5sYLZiu9r5E43kMlt9f8,Symphony (feat. Zara Larsson),2018-01-26
300,39OrWG2wKOnRlbYUmIdTuW,Mel de Marte - Ao Vivo,2018-01-27
301,6b8Be6ljOzmkOmFslEb23P,24K Magic,2018-01-29
302,36wm1WBVArEbnIgtkT3abj,Sunshine,2018-01-29
303,3IfJVGTOfqoecb0bCm0CO8,"Você Vai Entender (feat. Pablo Martins, Morgado, NaBrisa & Baviera)",2018-01-29
304,42TXKY5AaAn4dzAcRLyNoK,Ta Tum Tum,2018-01-30
305,2iO6rLYnDiMJqioCefh395,Solução - Acústico,2018-01-30
306,7EI6Iki24tBHAMxtb4xQN2,Anywhere,2018-01-30
307,4yjljBusKH0hgsIzHlF85T,Solta a batida,2018-02-02
308,4KTU5aa5s547f1JF5DImhF,Man of the Woods,2018-02-02
309,4ofvoCdXq99vpMZO4Cfp8x,Pray For Me (with Kendrick Lamar),2018-02-02
310,5ZpjODX6OH1xZs3AOewTO6,Filthy,2018-02-02
311,1LhMopPAallLeaeNutqbgS,Say Something,2018-02-02
312,4HkjO6S6yYJr8uyFLBZyEf,Savior,2018-02-02
313,65CTrkKjcQcZmyv0373syo,Largado As Traças - Acústico,2018-02-02
314,6tHWl8ows5JOZq9Yfaqn3M,Mine,2018-02-02
315,5SOxxG6ju1Oq2hpoa6wARV,Então Vai (Get By) (feat. Diplo),2018-02-03
316,1Wolb8MRcXR2IMMaELTRpE,Envolvimento,2018-02-03
317,6ZNo7Vi0TE9ul1fhKd4S1M,Pray For Me (with Kendrick Lamar),2018-02-03
318,4zaH0JKo9qeA1lWulFgt3J,Elas Gostam (Popa da Bunda) - Ao Vivo,2018-02-03
319,4EAC71z33CGSIlAyEnKaGb,Bailando,2018-02-05
320,6JV2JOEocMgcZxYSZelKcc,"CAN'T STOP THE FEELING! (Original Song from DreamWorks Animation's ""TROLLS"")",2018-02-05
321,1OmcAT5Y8eg5bUPv9qJT4R,rockstar,2018-02-06
322,1DgHVOq15mmso5RY0YQy6l,Bumbum de Ouro,2018-02-06
323,09IStsImFySgyp0pIQdqAc,The Middle,2018-02-08
324,12hqpRynT8G2Hwm9QzPFkd,Meu Mundo,2018-02-08
325,6etab3UBCo5GOTMZqUvRka,Ta Tum Tum,2018-02-09
326,2Imq77E6CEJR5TPUxlJvTY,All The Stars (with SZA),2018-02-09
327,3vKU0GTHo5nl3kTCYAiqc3,Black Panther,2018-02-09
328,2FcFpTpLMCZknrLOZpgU0V,"No Groove (Pega, Pega, Pega)",2018-02-09
329,3GCdLUSnKSMJhs4Tj6CV3s,All The Stars (with SZA),2018-02-10
330,5yraOKvNuFWP4waSl6ey8Q,Vai Dar Pt,2018-02-10
331,779I9FojBtIvVPtQe1DSRI,Várias Novinhas,2018-02-10
332,72964CO6VzdDWCpbQsVzay,Abre Alas (Dennis DJ feat. MC G15),2018-02-10
333,3e7cnQ5KYSSIwUo6tfQqwB,Santinha - Ao Vivo,2018-02-10
334,5qN4HFkapdAOV94XPryVof,Black Panther,2018-02-10
335,3lInRGfft6CCsJJPZX3AXq,Big Jet Plane,2018-02-11
336,4ESIYCrLnFoUd1mVbISDot,For You (Fifty Shades Freed) (& Rita Ora),2018-02-12
337,08bNPGLD8AhKpnnERrAc6G,FRIENDS,2018-02-13
338,3NdDpSvN911VPGivFlV5d0,"I Don’t Wanna Live Forever (Fifty Shades Darker) - From ""Fifty Shades Darker (Original Motion Picture Soundtrack)""",2018-02-14
339,6YNCE5qtrTa7YcnAOAEsDQ,Apenas Mais uma de Amor,2018-02-14
340,4BLyDt62gonjl7b2k41d6Y,Bebida Na Ferida - Acústico,2018-02-14
341,45Egmo7icyopuzJN0oMEdk,Love Lies (with Normani),2018-02-16
342,3soOPBuMK8YMdWnV7xpEyf,Mad Love,2018-02-16
343,2U7Hu2RaNQNRi7izoJyZaX,rockstar,2018-02-17
344,1R1HmdunvOnEK4bibKp7q5,"Bonita, Lindinha e Sagaz",2018-02-17
345,4uD7ypL7pDmOiMiVX6TCCa,3 Dias Virado,2018-02-17
346,2N7596m3AEQwnUiWIeXBpA,Saideira - Ao Vivo,2018-02-17
347,1ZPac6DuD1QbyHG7KJibFW,Treme Treme,2018-02-18
348,5qqabIl2vWzo9ApSC317sa,Wonderwall - Remastered,2018-02-18
349,5ZEQjTroORCu6uWvZrdeNc,My Life Is Going On - Música Original De La Serie De TV La Casa De Papel / Money Heist,2018-02-19
350,3rq5w4bQGigXOfdN30ATJt,Do I Wanna Know?,2018-02-19
351,4qKcDkK6siZ7Jp1Jb4m0aL,Look Alive (feat. Drake),2018-02-19
352,3IfctMaf2sfvlSLRa42Cna,O Sol,2018-02-20
353,2IKZkwHI5zsZf70STuhvOX,Sick Boy,2018-02-21
354,5CLGzJsGqhCEECcpnFQA8x,"These Days (feat. Jess Glynne, Macklemore & Dan Caplen)",2018-02-21
355,3G79AJm9H5lKnngSgBT21L,Ela Tá Que Tá,2018-02-21
356,5VnDkUNyX6u5Sk0yZiP8XB,Thunder,2018-02-22
357,1NtIMM4N0cFa1dNzN15chl,Believer,2018-02-22
358,2UVbBKQOdFAekPTRsnkzcf,Stir Fry,2018-02-22
359,74n5d5M21JnC4WJ6gdkggK,Propaganda - Ao Vivo,2018-02-23
360,5qjMyKkmosPBws5cImS9Zz,Trincadinho - Ao Vivo,2018-02-23
361,2hsTAVEFj49m4EEyxKJpO3,Olhares Sinceros - Ao Vivo,2018-02-23
362,2U94QDSo9N4e1iXrjo7KAB,Terra Sem CEP - Ao Vivo,2018-02-23
363,0WvRK6cO0KhiHDXDl1AGok,Anjo Moderno - Ao Vivo,2018-02-23
364,2bFuWE2oCgdhW5A20V9ILC,Vale por Dez - Ao Vivo,2018-02-23
365,7nxAHrhpQ31kZtcbzaNMwl,Bobinha - Ao Vivo,2018-02-23
366,6bbKbaqpPRQWvCrqlAhypu,A Mil por Hora - Ao Vivo,2018-02-23
367,0J1nrpMkNrL10jEL9QhItw,Menina Maluquinha - Ao Vivo,2018-02-23
368,4jCK9FJrxb8eB5vJpUsrLb,Distante do Perfeito - Ao Vivo,2018-02-23
369,7JY7Cx7e3gcJlACR7N7bM6,Amor Turista - Ao Vivo,2018-02-23
370,58Kv71AxpWF6ab0Z76jQId,Coração Calejado - Ao Vivo,2018-02-23
371,0wifP1osuKJrS3bjazE2yq,Inesperado - Ao Vivo,2018-02-23
372,43nkDm3QmUcioZTbNWzwMK,Três Pontinhos - Ao Vivo,2018-02-23
373,7wrDRQgHlvDnimrRHfQZxt,Psycho (feat. Ty Dolla $ign),2018-02-23
374,7EUfNvyCVxQV3oN5ScA2Lb,Next To Me,2018-02-23
375,75E2xyRjYAsmjfDeAwdW0D,Popotão Grandão,2018-02-23
376,3lyBKFszJ34vCvFMEJkxTM,Inteiro,2018-02-23
377,0A7yxYg9J8l6s7RLXEFhze,Aí Desgramou - Ao Vivo,2018-02-23
378,6RnkFd8Fqqgk1Uni8RgqCQ,Like I Do,2018-02-23
379,65NwOZqoXny4JxqAPlfxRF,Psycho (feat. Ty Dolla $ign),2018-02-24
380,5d4wIiSKzRqhJwip4co3Wa,Oh Quem Voltou,2018-02-24
381,2ARqIya5NAuvFVHSN3bL0m,The Middle,2018-02-25
382,5YFrvrLeneNQ0VmeUHjmLW,Oi,2018-02-25
383,1mBx8G3GBajrV0eTeYQshc,Quem Ensinou Fui Eu,2018-02-26
384,3MmG2m3axMEYjs3wMNLvF6,Poesia Acústica #1: Descompasso do Compasso,2018-02-27
385,7Izh7zLJGw1Nscd62Exxj4,Believer,2018-02-28
386,26gceVsA1ybT8qsX3aYLEn,Thunder,2018-02-28
387,7B3gD0HJTvH8zHVajBjoWK,Irmã Gostosa,2018-03-01
388,0Goo8GkDXERy3IFTQ8BYjz,Cerveja De Garrafa (Fumaça Que Eu Faço) - Ao Vivo,2018-03-02
389,4fPUiN5BT02UXJkGlphfNs,Rebeca,2018-03-02
390,1W6wxOOYyJyyok8fqYSZ3m,"Top Off (feat. JAY Z, Future & Beyoncé)",2018-03-02
391,6tuzPD1zPPvwMbGiD0TBay,Fuleragem,2018-03-02
392,0XLve6cs3OmA1E704IU8HL,Status Que Eu Não Queria - Acústico,2018-03-02
393,2A1wAFgn0ZYZZsfGzlwdfq,Saideira - Ao Vivo,2018-03-03
394,4nwQ1SG9CsAl4XoKuScF0r,Poesia Acústica #4: Todo Mundo Odeia Acústico,2018-03-04
395,0dmw9MBJeUeeEdsFOEbIaC,Cuidado,2018-03-05
396,4svcCNuxugwP6wrSnoMIfB,Buzz Lightyear,2018-03-05
397,39N9RPD9MRb5WmoLzNzPeA,X,2018-03-05
398,006pMMCuRo2TFjh8sNGSov,"Dias De Luta, Dias De Gloria",2018-03-06
399,5Ufele27Idk8xPHYMh85Ra,Vou Pegar,2018-03-07
400,70dJEanFPdYuWZumkrnKeX,Ela Vai Voltar (Todos Os Defeitos De Uma Mulher Perfeita),2018-03-07
401,01TYBVirOZoaY5Uw2kLGwp,A Culpa É Dele,2018-03-09
402,7q4aClIlFcgyVQDACJQdmG,Cante por Nós,2018-03-09
403,6KudLqrhlX4kc0ndlbf14E,Meu Mundo,2018-03-09
404,2SHV5i5c0rHZcRCGaIsMaY,A Gente Continua,2018-03-09
405,2scOpCkXHdjx5Pba0T1S68,Tell Me You Love Me - Spanish Version,2018-03-09
406,35ieKju5aLWFN5UgfJ27mL,SAD!,2018-03-13
407,2UILpaI5fj9x7VoDC13eK0,Ausência,2018-03-15
408,3HxM4lAPdlTxdl60Ecn092,Das 9 às 6,2018-03-15
409,5hJJOWPZtBq15zVfWWM8lZ,Acabou Acabou (Quando Eu Digo Que Acabou) - Ao Vivo,2018-03-16
410,3Cabw7y9EoR68v7dBS76HQ,Pirata e tesouro - Ao vivo,2018-03-16
411,6bgUZoUBzPLMwRE8My55M3,Coração Mal Assombrado,2018-03-16
412,2GUuxvYBw7OSAHtJ6Q7NDW,Quase Tudo,2018-03-16
413,3ee8Jmje8o58CHK66QrVC2,SAD!,2018-03-16
414,5KNi9XFap48ry4puG7rvqv,Pra você acreditar - Ao vivo,2018-03-16
415,76S09sHj7GGMJAtOLjmVQ2,Done For Me (feat. Kehlani),2018-03-16
416,66wtCJjGr2mE6lLaLwkj6i,Acabou Acabou (Quando Eu Digo Que Acabou) - Ao Vivo,2018-03-17
417,1w9xYVZxwWeARh6JyBJi5K,Tribo Das Danadas,2018-03-18
418,74gguwbBvfBTurNJUWFOsC,Largado As Traças - Acústico,2018-03-19
419,2ZuG40RDVJQwEaRWQu7Gh4,Bebida Na Ferida - Acústico,2018-03-19
420,7KShGTrCjujjGb6rqGjd5r,Status Que Eu Não Queria - Acústico,2018-03-19
421,0OuShHz7Oi531jev235a5d,A Gente Continua - Acústico,2018-03-19
422,3pIigjAWkzwAonXpJ1fmSF,Everybody Hates Me,2018-03-19
423,2JfXj2TERIkHwJpnG9f8uX,Sick Boy,2018-03-20
424,48UPSzbZjgc449aqz8bxox,Californication,2018-03-21
425,79jX8RM5CgPqDKdGEKNW9K,In My Blood,2018-03-22
426,75AtrLBAWdyTXs2TDAAIN3,Círculo - Ao Vivo,2018-03-22
427,2b9irL6QwOdbjJJldQoUOK,Ladrão,2018-03-22
428,1XUAAp2Hs03Yq6E6hWxOh5,Matéria de amor (Participação especial de Matheus & Kauan),2018-03-22
429,1l5FjCM1aPOtoHxZbQ6HQX,Parece Namoro,2018-03-22
430,4dn3dKop2NYASn99fUlfO1,Anti Saudade - Ao Vivo,2018-03-22
431,3RHhNmN9eFeutAzyJ6SqnY,Ginga (Participação especial de Rincon Sapiência),2018-03-23
432,7wvYmO5QscgIDDT0eNwbYX,Lost In Japan,2018-03-23
433,7m3ciRxLcU3xJbWEDBoThG,Estranho,2018-03-23
434,4Ck1C6ViZRVTWSVpWQnywS,Maldade,2018-03-23
435,76NzI3TmJCAvw28nB3EGk2,Contrário,2018-03-23
436,6sCfaHWF2ctJKLBsQg8a1v,Sinceramente - Ao Vivo,2018-03-23
437,33IOhptvC2Qoy2UhjiHXLV,Flames,2018-03-23
438,4kv5hKUPfXYsqcSeWvVmo6,A Casa Chora - Ao Vivo,2018-03-23
439,7uCgfqk3QoD12KwGeKmBw4,Ela Não Quer Namorar - Ao Vivo,2018-03-23
440,0KonfvlVFCjeYskMNiJPaX,De Sol A Sol - Ao Vivo,2018-03-23
441,3aiCv6JFOfmNWHMOcb6vQB,Tô Entrando pra Família - Ao Vivo,2018-03-23
442,2caWIcrS6CLQDB5WglieeA,Menina Braba,2018-03-24
443,7axUFknd7qNPoBmp8Bpy9t,Deixaria Tudo,2018-03-24
444,4G1i3FrLYRge4Z2ubJiOW3,Paralisa,2018-03-24
445,2Oehrcv4Kov0SuIgWyQY9e,Demons,2018-03-25
446,7F3uo3304R2CTvOseU3H7u,Whatever It Takes,2018-03-25
447,6Ep6BzIOB9tz3P4sWqiiAB,Radioactive,2018-03-25
448,0fBSs3fRoh1yJcne77fdu9,Video Games - Remastered,2018-03-26
449,2QjOHCTQ1Jl3zawyYOpxh6,Sweater Weather,2018-03-26
450,7oK9VyNzrYvRFo7nQEYkWN,Mr. Brightside,2018-03-26
451,4Ouhoi2lAhrLJKFzUqEzwl,Born To Die,2018-03-26
452,0mt02gJ425Xjm7c3jYkOBn,Lust For Life (with The Weeknd),2018-03-26
453,7HGTkn2aX7MNdKs7nV2xBt,Somebody Told Me,2018-03-26
454,5FOCkGt7bp22nBVfQ4WSIT,Indecente,2018-03-27
455,5ogJPWcPBkIcWSXMUSdU4A,2050,2018-03-27
456,58KL7ALV3ACwBxU8pVRMHH,Cliente Preferencial (Um Modão Atrás Do Outro) - Ao Vivo,2018-03-29
457,1gm616Plq4ScqNi7TVkZ5N,Call Out My Name,2018-03-30
458,2poOAWEj1CStqTVPgIHZ8s,Try Me,2018-03-30
459,6NFyWDv5CjfwuzoCkw47Xf,Delicate,2018-03-30
460,72TyiiduRmczEbDIEtKQdR,Wasted Times,2018-03-30
461,56d6kYZhfhzpoC3s1dRU2V,I Was Never There,2018-03-30
462,13wNEvWmBsWaWVtiLPRIW5,Hurt You,2018-03-30
463,26Fqtv4Aa7kyd1WWGHai6A,Privilege,2018-03-30
464,0edB1OJElR6I8cUrpe2DJK,Ela Não Quer Namorar - Ao Vivo,2018-03-30
465,18b2GSc1ea6tnW3IARJGUY,Tamanho P (Ao Vivo) - Ao Vivo,2018-03-30
466,76KDy62J99FKu6ZsxMJy3j,Amor de Verdade,2018-03-31
467,2XmM8JRTkots7ti32HN75Z,Caminhão De Amor - Ao Vivo,2018-03-31
468,10Igtw8bSDyyFs7KIsKngZ,Freaky Friday (feat. Chris Brown),2018-04-04
469,7ef4DlsgrMEH11cDZd32M6,One Kiss (with Dua Lipa),2018-04-06
470,51MuxTQJudvUASe91tzR4C,"My Life Is Going On / La Casa de Papel - Alok, JetLag Music, HOT-Q e WADD Remix",2018-04-06
471,6ujbQPGL1jQs3fAUtKwX0x,Cliente Preferencial (Um Modão Atrás Do Outro) - Ao Vivo,2018-04-06
472,0PVjuxjgUJldBATilksYW2,Cancela o Sentimento (feat. Marília Mendonça),2018-04-06
473,5sjvZiR2SjOGJimYmHXfzd,Sou Teu Fã,2018-04-06
474,0xLt187K4MEhKIxqiNALNN,Ritmo do Pam Pam,2018-04-07
475,3pkD2SgKFSuFoideGjtlnb,Novela das Nove - Acústico,2018-04-07
476,1PLkhFC3jOY70eF5WUyDXS,Bumbum Bate a Pampa,2018-04-07
477,06Ok31cNBf2M0HuRPdTl7i,Hino do Corinthians (Campeão dos Campeões),2018-04-08
478,1cTZMwcBJT0Ka3UJPXOeeN,Nice For What,2018-04-09
479,7fRmQytUt3Os3YUD1oN7Aq,Cacos - Ao Vivo,2018-04-09
480,63SevszngYpZOwf63o61K4,Nevermind,2018-04-11
481,2lYjH3ZbCrW7CHmSRvVCN3,Mine,2018-04-12
482,68uKHxQzoY6gd7YSKJf21J,Só Quer Vrau,2018-04-12
483,2qsQ8eVDPmobZpvDxQCVQu,Barbie Tingz,2018-04-12
484,2gTYVoQCUh0QNUaFix01ld,Chun-Li,2018-04-12
485,0RBOFW5424gCCCZrgECbt6,Romance Com Safadeza,2018-04-13
486,6yxYagNp6Gapd7jXmWzgVc,A Culpa É Dele - Ao Vivo | Acústico,2018-04-13
487,4NFqlsk3yQn7DULU8OGnfP,Estranho - Ao Vivo | Acústico,2018-04-13
488,5czCFvsdcKKkWdwT2AAAZC,Ausência - Ao Vivo | Acústico,2018-04-13
489,7Fg342AJtNsIDdwCfX0paC,Let Me,2018-04-13
490,0CL59AhCHJaR8L3I7sra8g,Coração Mal Assombrado - Ao Vivo | Acústico,2018-04-13
491,7uzmGiiJyRfuViKKK3lVmR,Mine,2018-04-13
492,67gLKHTj5FsGwbUCcGQZFm,Parece Namoro - Ao Vivo | Acústico,2018-04-13
493,7J1AJ5zB5lTbfQmLw5OgwT,Lacração,2018-04-13
494,20jGngvWc0edTYVWKTg9bt,Top 10 - Ao Vivo,2018-04-13
495,6fj3kplurtOQZ2HJ8ypGao,O Que Nunca Acabou - Ao Vivo,2018-04-14
496,00zzSEe82JTtz68XlARnh7,Amor Falso,2018-04-15
497,58q2HKrzhC3ozto2nDdN4z,I Like It,2018-04-15
498,2nMLXtXdcp2BkwPoZzse3C,Moça do Espelho - Acústico,2018-04-15
499,1hw5UuO6s1DRAJmCn4Nc1H,Meu Mundo,2018-04-16
500,4QtiVmuA88tPQiCOHZuQ5b,"1, 2, 3 (feat. Jason Derulo & De La Ghetto)",2018-04-16
501,5xLgaPb5QER901yGpnJb7w,Maldade - Ao Vivo | Acústico,2018-04-18
502,1ZYD1c1vFMdeyRdNBxJiAr,Como é Que Faz,2018-04-18
503,10xeM2k8J5Q7a1MS6wHGp5,Quase Tudo - Ao Vivo | Acústico,2018-04-18
504,44IJE3EVtCLf4PFyfPkSxQ,Te Amei Com Classe - Ao Vivo,2018-04-18
505,5SxkdsY1ufZzoq9iXceLw9,no tears left to cry,2018-04-20
506,6nsLzJfvp5OLd4mgqUJkpq,Waiting For Love,2018-04-20
507,6g1NlCpW7fgqDnWbCCDrHl,Wake Me Up - Radio Edit,2018-04-20
508,3TLik0AUo5Ri65DFrEivd4,Não encosta,2018-04-20
509,3zKST4nk4QJE77oLjUZ0Ng,Hey Brother,2018-04-20
510,5B03nSG8pLE48jh7kmasuL,Levels - Radio Edit,2018-04-20
511,0Y4hwUppbGc8aIBmiTz30A,Familiar,2018-04-20
512,0m7saYK8Id4X5vPrm9uiCX,Deixaria Tudo - Deluxe,2018-04-20
513,0ct6r3EGTcMLPtrXHDvVjc,The Nights,2018-04-20
514,0nlFCC2xIQqUJpuQIVPl7S,Pega a Receita,2018-04-20
515,2hm5Lo1pH9yKVsfj6XEWno,Minha namorada,2018-04-20
516,5Iy2Jj87Ha0C0IBlNE1I4y,The Days,2018-04-21
517,2BVVmJQZv4fOPWavI9mkIj,Broken Arrows,2018-04-21
518,12ip0ceCeszDTDFxDY1AXJ,You Be Love (feat. Billy Raffoul),2018-04-21
519,7HC3sppue0re7HPfo5zscF,You Make Me,2018-04-21
520,3c3XJ9P1BjOtmNXKvdVyHK,For A Better Day,2018-04-21
521,6n4U3TlzUGhdSFbUUhTvLP,Walk It Talk It,2018-04-25
522,4nraNqonMyfc0U3o8VeXVu,Ocean,2018-04-26
523,6STtmzolAUil3tKC2xB8OJ,Hasta La Vista,2018-04-26
524,2nPYWC7Jtd3gsd1iMQT3Vs,Pesadão (Participação especial Marcelo Falcão),2018-04-27
525,0e7ipj03S05BNilyu5bRzt,rockstar (feat. 21 Savage),2018-04-27
526,1QqIcxyTz2G7I31wcrnERf,Ginga (Participação especial de Rincon Sapiência),2018-04-27
527,3swc6WTsr7rl9DqQKQA55C,Psycho (feat. Ty Dolla $ign),2018-04-27
528,6u5iKjE9baEuuMndKsE00C,Bateu (Participação especial de Ruxell),2018-04-27
529,0r9tHLACmVGOXxsVRGvA3U,Não Se Apaixona,2018-04-27
530,5RBW30fFFVav2n0IqFj0fY,Olha A Explosão - Remix,2018-04-27
531,3fpVWegR6YOS1Yk5HSMYIq,Paranoid,2018-04-27
532,6zj6m5lgw6SB5bWxKdnnM1,I Loveando Tu - Ao Vivo,2018-04-27
533,7dt6x5M1jzdTEt8oCbisTK,Better Now,2018-04-27
534,7yHyGrwWRUdDVcZIC4HBdA,Rebola (Participação especial de Carlinhos Brown e Gloria Groove),2018-04-27
535,5VuxWXbt7XENQCtE9TzpTv,Spoil My Night (feat. Swae Lee),2018-04-27
536,5d4KxCk9H3pH75V0UrFs8I,Era uma Vez,2018-04-27
537,4Eco98ezksfnQzVNJCjg9j,Juramento do Dedinho,2018-04-28
538,0Nh3v0rzqd4Aj5Q9Aqv4GH,Sua Melhor Versão - Ao Vivo,2018-04-29
539,28YydoLTS0DXjUU5mmJo7A,Jeito Malicioso,2018-04-30
540,18CO6ODntZqzMxOxigBps4,Desculpa Doutor,2018-05-02
541,4eizL2CPEy9lFUZw7HBKrk,Bilhete 2.0,2018-05-02
542,3Wf2YGdYT8xVdNsQSoRKk9,Youth (feat. Khalid),2018-05-03
543,5eQ9IwVa9EodrmIItRQpaA,Accelerate,2018-05-03
544,5tNnnptCfuLXLHnDqrL9ku,Papum,2018-05-04
545,73F87Sqh6jQWucOOvz1WFx,Genius,2018-05-04
546,6HJcuxVgYjxcYDnPG0ystc,Hunger,2018-05-04
547,0lCmp1Mws7I9K4a0OAgces,Juramento do Dedinho,2018-05-04
548,1kJ1E0czwQPvUVNXCLaHAB,Bella Ciao (feat. Andre Sarate & Adolfo Celdran),2018-05-04
549,6bcUvUK88KyXHdqHEwefqc,Os Opostos Se Atraem,2018-05-05
550,0b9oOr2ZgvyQu88wzixux9,This Is America,2018-05-07
551,4hpcc2wq84pilUgDbIPkDN,Nossa música,2018-05-07
552,6XgIiUn8aEpfXtqruOf3Ng,Quase - Ao Vivo,2018-05-08
553,5oFywvlhKbgRT9WSE4VZkY,Meu Abrigo,2018-05-09
554,4hQ6UGyWQIGJmHSo0J88JW,Back To You - From 13 Reasons Why – Season 2 Soundtrack,2018-05-10
555,3MxbRHE1u74SoMNR9iURIZ,Jogo do Amor,2018-05-10
556,0uwaiApk6k7k9POyFjTKeR,Tô Com Moral No Céu! - Ao Vivo,2018-05-11
557,2Ab1wPTEqulaCGoBak1gUo,Ao Vivo E A Cores,2018-05-11
558,0b93tWwuoAC0nXe1CfR30I,Star Treatment,2018-05-11
559,5Z5nbOXhsSbySVC7WUc6y9,Four Out Of Five,2018-05-11
560,1t67WYNfUxfOiwaz7SJ66b,One Point Perspective,2018-05-11
561,2URDbWGmPz3vhagl25p8OC,Tranquility Base Hotel & Casino,2018-05-11
562,2HbYLDA1SigY1ilC94ieVu,American Sports,2018-05-11
563,3gIJtSoFovsYGlVVPpWjRp,Loko,2018-05-11
564,0U6Vg6RUmzADUO0Y9fVKft,Golden Trunks,2018-05-11
565,5rqQTEIVK2PTuXU9GI2wT0,The World's First Ever Monster Truck Front Flip,2018-05-11
566,60T4FDF1tTcFlXkI08FFhL,She Looks Like Fun,2018-05-11
567,6hkfgHhYXyDVYahUOZhGRd,Science Fiction,2018-05-11
568,7aiKdAM9WYW3GzWSA9OXIl,Batphone,2018-05-11
569,2TJXks21BnR9sXq3qtsdNJ,Caminhão De Amor - Ao Vivo,2018-05-11
570,3PhbzvTllkq1rkULafc6ns,The Ultracheese,2018-05-11
571,65e2GJGrHOdsnMzMKzWdzh,Círculo - Ao Vivo,2018-05-11
572,1YNQscOx6OqBQjxgJVhEeW,"Girls (feat. Cardi B, Bebe Rexha & Charli XCX)",2018-05-11
573,7boPPE857KEqCIHNwFkDop,Audio,2018-05-11
574,5cF0dROlMOK5uNZtivgu50,Attention,2018-05-11
575,1T98vYODVa5R84kbBGzQjl,Investimento,2018-05-11
576,3UxbT06Mz8aTJbHYYIxwkI,Mundo de Ilusões - Ao Vivo,2018-05-12
577,6Tl1uGXGkbwsgMJM3uY3cu,Te Amei Com Classe - Ao Vivo,2018-05-14
578,7A4O4g0PiUEcn0LCdblnqK,O Que Nunca Acabou - Ao Vivo,2018-05-15
579,25qfFpoGhk9Njgu5nl36sS,Fall In Line,2018-05-16
580,2lPvU1pPnrhhpgLG2bvEbj,Anti Saudade - Ao Vivo,2018-05-16
581,1IJH7QjV5V99eJBtKXqGXE,Largado Às Traças - Ao Vivo,2018-05-18
582,3aW0ds4A4tSQDIp75FqWTo,FAKE LOVE,2018-05-18
583,6XlSyYFTU1nodeWwwzVgTV,Sangria Wine,2018-05-18
584,1fyhyOy6iS9E2NckAzjmTo,Status Que Eu Não Queria - Ao Vivo,2018-05-18
585,3r9yRbPvDIt33pDZ0w3m6W,A Gente Continua - Ao Vivo,2018-05-18
586,202ZvROo781eRsyW3Pl9UN,Armadura - Ao Vivo,2018-05-18
587,6X9uEsfCfmKYlArji6SASW,Amor À Primeira Esquina - Ao Vivo,2018-05-18
588,3HEb6Y5dv8PgD6JgsIQNac,Bebida Na Ferida - Ao Vivo,2018-05-18
589,2Poy2xcZB1GflKqpxwFMRu,Esquece o Mundo Lá Fora - Ao Vivo,2018-05-18
590,3Cq4m5Pxoq03ojlrrhD188,Grão de Arroz - Ao Vivo,2018-05-18
591,4yrAsYnGZ0d6cI9nFUIKsQ,Novela das Nove - Ao Vivo,2018-05-18
592,4uUoH2xKewbukFqGRGfKXs,Morador de Rua - Ao Vivo,2018-05-18
593,514rhnksEwHUh6LxXsQ4Y9,Back To You,2018-05-18
594,2p8yzBihO2pDFXGPHS3Okh,Derreter a Aliança - Ao Vivo,2018-05-18
595,2qkNnJvQvhLiZ63X1L3eFz,Notificação Preferida - Ao Vivo,2018-05-18
596,2PJfsqmg6jMBdMtRWwUZ1B,Ontem Era Eu - Ao Vivo,2018-05-18
597,6kPJZM97LwdG9QIsT7khp6,Solo (feat. Demi Lovato),2018-05-18
598,48XfojJC87VKLlUotYV0Gm,The Truth Untold,2018-05-18
599,59tJVlaTd7lIpnzJcw1ToX,A Farra Perdeu Pro Amor - Ao Vivo,2018-05-18
600,5AfCNlkpIbdnd03xKLJndb,Diz aí - Ao Vivo,2018-05-18
601,1trFxVLL8WKhYap543e74l,Airplane pt.2,2018-05-18
602,38td8VabuKlQt72Q2VnhbO,134340,2018-05-18
603,01dmH2IPkrLNWIMPNXlreE,Paradise,2018-05-18
604,07PHNpknqZFw6N3GzNQWB8,Ainda Sou Tão Seu - Ao Vivo,2018-05-18
605,645YBsxhFPSOKxGep3uHLv,Love Maze,2018-05-18
606,22ryCgQttpV7oCrn7llGRu,Magic Shop,2018-05-18
607,4lRwa7PKcGIuJMwtPIYKdy,Anpanman,2018-05-18
608,1n36knZX4bQ6FvcNEISVe9,Amor Falso,2018-05-20
609,2PADJK4rhdklqFLQFa5oMX,Cerveja De Garrafa (Fumaça Que Eu Faço) - Ao Vivo,2018-05-23
610,3ltYJpvukgAb9hLpCLoDOm,Nervous,2018-05-23
611,7B826fTyDa3DkjnKpOgXFo,12 Horas,2018-05-23
612,3iVgWdqre5cpMhXMpzw8qi,Deixa Rolar,2018-05-24
613,0u2P5u6lvoDfwTYjAADbn4,lovely (with Khalid),2018-05-24
614,0Dq49j3dELbttQVUJbtn0c,Nervous,2018-05-25
615,21YnmkSDhUkmkkni22Svc4,In My Blood,2018-05-25
616,5SwEgzUFDHwpWHKrbnP32Z,Youth feat. Khalid,2018-05-25
617,51wrmElSLxFzc0vSQPeTxs,Where Were You In The Morning?,2018-05-25
618,5I8oEqbk2ZBmQfXCrZbUFb,Fallin' All In You,2018-05-25
619,6WBTeFDEfAJbaSUUc1V1xQ,Lost In Japan,2018-05-25
620,5QskYLFPX9y7pLU0VEMNbr,Like To Be You feat. Julia Michaels,2018-05-25
621,0trB3R0YBk3vGrGm5YSUTv,Fica Tudo Bem,2018-05-25
622,1mmAqhLcvPrknbslMiDlyU,Particular Taste,2018-05-25
623,1KXFoiT2n4QXRsFvhWNI4I,Why,2018-05-25
624,74RrMiuSOzAHZEqLlC0BHz,Toda La Noche,2018-05-25
625,7hlhojpax9zg2FNdBLY5ox,Because I Had You,2018-05-25
626,0rrfXLr1p1yxsUy7LrKoYT,Mutual,2018-05-25
627,17FyWGvqby379Q92sn23jW,Queen,2018-05-25
628,0UTHr20nqVFMoji8xYE9yl,Perfectly Wrong,2018-05-25
629,03vyB3AHCuEGfhh7wPc7Yf,When You're Ready,2018-05-25
630,7FnHUsFRTMg8VYteFKj3xL,Machika,2018-05-25
631,3Nkqp3NSGWMXVVO08zGpN7,Peligrosa,2018-05-25
632,4DnHUy01jEA4b5ydC3HgsT,Live It Up - Official Song 2018 FIFA World Cup Russia,2018-05-25
633,1aYI1bfSzo2M1LjFwZrXLY,12 Horas - Acústico,2018-05-25
634,5LTGmestwpHZ1BfCmpFQJx,Entertainer,2018-05-25
635,74WRvctrWHL2kMeTc20VLI,Eu e a Torcida do Brasil,2018-05-26
636,3QXpfdWM9Od5xujjwHaJOu,Vou Catucar Seu Boga,2018-05-27
637,7COfe3P7KgfwDwIRB8LIDw,Mi Gente,2018-05-27
638,3bH4HzoZZFq8UpZmI2AMgV,New Light,2018-05-30
639,2UmKWMYAqRlAYfDum7qryt,Saideira - Ao Vivo,2018-05-31
640,6FRLCMO5TUHTexlWo8ym1W,Girls Like You (feat. Cardi B),2018-06-01
641,6bdgrc47M89fQgpFfyO5Og,Privê,2018-06-01
642,2wH392WXxHk9trC70m0wOV,Agora É Hexa,2018-06-01
643,54oMZ3blwWwuPN4wEoG5mk,I'm Upset,2018-06-01
644,0KkZFQSvZrTL1zU3cX8Z7e,Ponto Fraco - Ao Vivo,2018-06-01
645,4WPffR1KQjQkUt9sU2BJpF,Fé,2018-06-03
646,3qnoOm4fwZPBS116f5hpgF,All Mine,2018-06-04
647,3fLqmaO4vvZpFZSZy52VMp,Deixa (feat. Ana Gabriela),2018-06-04
648,4oH03lpFiysmcWex1AyddD,Me Negaram Amor,2018-06-04
649,6Bg7MznA9X0dIhlAsLyBYj,Ghost Town,2018-06-04
650,78Q2gghkt8iLJ7J0Uc4QYb,Din Din Din (Participação especial de MC Pupio e MC Doguinha),2018-06-06
651,7vuuF2GPogLbevT3WU1WCy,Arrasta,2018-06-06
652,51lvNDivO4iw1u9Fa6QYdQ,Buá Buá,2018-06-06
653,55S2PQgSMYAhgoTCcGCDfw,Youngblood,2018-06-06
654,5nqehpNGoRAz4wUFK3wT9k,Me Solta,2018-06-07
655,2ozsutWRgcaZKJsQ6DvFFv,MC Lençol e DJ Travesseiro,2018-06-08
656,7DrluKkTviBwCc8AV3VGmf,Clandestino,2018-06-08
657,5U28PY9MekLyCBYtLHGQpe,Meu Abrigo,2018-06-08
658,2v3nYfuNQn56s35mjJPbhU,Me Refez,2018-06-08
659,2sF6kz4fa9eC9rBqjawh6w,Pot-Pourri: Valeu / Livre Pra Voar - Ao Vivo,2018-06-08
660,5tpvDlSeYtwsGAyGsZ35wC,Pot-Pourri: Depois do Prazer / Quando a Gente Ama - Ao Vivo,2018-06-08
661,74sGvjjy6TBmdIVsvTZ2CG,Pé Na Areia - Ao Vivo,2018-06-08
662,6T8cJz5lAqGer9GUHGyelE,God's Plan,2018-06-09
663,2xl2TBSYbuUm46UXwPKK1g,Pot-Pourri: Outdoor / Curtindo a Vida - Ao Vivo,2018-06-09
664,16dJ8sdAuujepLYTiOSHMx,Pot-Pourri: Ainda Gosto de Você / Luz do Desejo - Ao Vivo,2018-06-09
665,2IOdtfgIb3joLpHvjd3NDP,Pot-Pourri: Recado a Minha Amada / Farol das Estrelas - Ao Vivo,2018-06-09
666,78CyWZqXixhBOeIwKHzStE,Pot-Pourri: Recado Fatalmente / Derê / Coração Radiante - Ao Vivo,2018-06-09
667,3gvqZpohrsWFwGH1IoFK5b,Fica Tudo Bem (feat. Anitta),2018-06-09
668,1gty0DjfwOucPR6DYxRuKM,Pot-Pourri: Estrela / Tchau e Bença - Ao Vivo,2018-06-09
669,1Rm71rj3i1tgpm0xuktnOf,Eu Tentei,2018-06-09
670,5N01PIDYxihL0tB4c73HLN,Amsterdã,2018-06-10
671,3LlXUrhTGnRLnuoE2zuMRC,Golpe Baixo - Ao Vivo,2018-06-11
672,6o0rGxp5tdtX8cmqXwVIwE,Coisa Linda,2018-06-12
673,3Fc4c84vyCGp06MLwwmQyK,Nossa Conversa,2018-06-12
674,5lLKJdDPy7qbsta6d88lKE,Aliança,2018-06-12
675,27Es7REkNYsWCMBoIbmwCW,De Janeiro a Janeiro,2018-06-12
676,3uhBIQ7tv8j1FME8cFGEfG,All of Me,2018-06-12
677,1NbGcdgwRHZ5rbPIT9hdR3,Dance To This (feat. Ariana Grande),2018-06-13
678,1ZEm9cJC05rawV2tptNfTS,Bed (feat. Ariana Grande),2018-06-14
679,7gBVJf7qn3rTkQxlQ1nNeS,Baianá (feat. Barbatuques & Foreign),2018-06-15
680,7fa9MBXhVfQ8P8Df9OEbD8,Girls Like You (feat. Cardi B),2018-06-15
681,7b8YOVV5quZcSKEijDgyWB,DDU-DU DDU-DU,2018-06-15
682,0kHyKhJMukHEPfeh8s7rdM,Born To Be Yours,2018-06-15
683,2iUXsYOEPhVqEBwsqP70rE,Youngblood,2018-06-15
684,4kWO6O1BUXcZmaxitpVUwp,Jackie Chan,2018-06-15
685,2naEVOadudtXHwtZNfjMDM,Forever Young,2018-06-15
686,29zBeRiLVnkDEj7tvmLVOU,Fall In Line (feat. Demi Lovato),2018-06-15
687,3nc420PXjTdBV5TN0gCFkS,Ocean (feat. Khalid),2018-06-15
688,3cFWrR4fqK8mmmoJSxLkts,Pipe (feat. XNDA),2018-06-15
689,2odzriVVZBwYOiYJEj30tm,Pouca Pausa,2018-06-16
690,2Cd9iWfcOpGDHLz6tVA3G4,Waka Waka (This Time for Africa) [The Official 2010 FIFA World Cup (TM) Song],2018-06-17
691,7AD7hNwGOOSRe33QtnyprD,País do Futebol,2018-06-17
692,7aSIwthoETjkGFmtjgekwC,Zé Droguinha - DJ Tezinho,2018-06-17
693,7AFASza1mXqntmGtbxXprO,changes,2018-06-18
694,3YSGNyECNTgQCItSR7i2oP,APESH*T,2018-06-18
695,4nYsmWkuTaowTMy4gskmBw,What Lovers Do (feat. SZA),2018-06-18
696,0JP9xo3adEtGSdUEISiszL,Moonlight,2018-06-19
697,7AQim7LbvFVZJE3O8TYgf2,Fuck Love (feat. Trippie Redd),2018-06-19
698,3GVkPk8mqxz0itaAriG1L7,Everybody Dies In Their Nightmares,2018-06-19
699,4UKCKdYiLN6IMA5ZESUTL7,the remedy for a broken heart (why am I so in love),2018-06-19
700,0E6PsO3ymCfUh7pJQjBgkj,APESHIT,2018-06-19
701,6eYxmK9fdL4hwLnXG2zY3s,Look At Me!,2018-06-19
702,01TnVDiet1DFTsyWKUKovl,NUMB,2018-06-19
703,5TXDeTFVRVY7Cvt0Dw4vWW,Revenge,2018-06-19
704,2ZRo7axmMPeSVUvDbGkJah,Hope,2018-06-19
705,0X8DcetL926BYiPJYstJTc,Lucid Dreams,2018-06-19
706,5iZ4hcpCgFVijq5OOjBTKZ,the light is coming (feat. Nicki Minaj),2018-06-20
707,7xCe2DkTYlkfwhhGAU6FbO,Já convenci - Ao vivo,2018-06-20
708,0STK94RxUulYqWzwFlyAb5,Sober,2018-06-21
709,2Jr0Cckx2FKNsigWwe44CF,Tarde Demais,2018-06-21
710,37LmF3FHmdMQErxJJUQaSd,Beijo Com Trap,2018-06-22
711,3RyyUWNovCdqfHwyDaSPvO,O Corre,2018-06-23
712,7tIqWMyJlgHnB4EwPAzgrC,Tbt - Ao Vivo,2018-06-23
713,0GxQ1A5L9xnMOytbP6eKBG,What Lovers Do (feat. SZA),2018-06-25
714,5IaHrVsrferBYDm0bDyABy,Taste (feat. Offset),2018-06-26
715,4kiauw5SBqEsu5GuGD09aM,Novinha Você É uma Flor,2018-06-27
716,0w28ACtoxWCBVTlsHMVVfK,Tudo o Que Eu Queria,2018-06-28
717,2VWbHHhWnMzKWPUs4IEEW9,God's Plan,2018-06-29
718,71SEHJPt1iDwGkBhUOAXDP,Survival,2018-06-29
719,2Vx8E3K5icPZR7OCklWBXX,Nonstop,2018-06-29
720,36ONiya0OANYknz0GgJmwB,Don’t Matter To Me,2018-06-29
721,5fcM0StdQxMjzulVGhFkHN,8 Out Of 10,2018-06-29
722,4uloft7ZE54WflsuqFmjC7,Elevate,2018-06-29
723,1iSZPndzmY6NvL1jAtIvY1,I'm Upset,2018-06-29
724,1v1IXPXl73Z7zy6f5tUa9n,Emotionless,2018-06-29
725,0bAkKNCQfWkexHFn7fIKns,In My Feelings,2018-06-29
726,3Yw09dj3cTXsAzlLjgBfIP,Talk Up,2018-06-29
727,0HVv5bEOiI9a0QfgcASXpX,Nice For What,2018-06-29
728,7txPE73wHbuXYkM1h8zNrG,Mob Ties,2018-06-29
729,7cfvP13Bqb1EyCZQiYsLum,Can’t Take A Joke,2018-06-29
730,1sPLURKAosM3Jampgp9AWq,Sandra’s Rose,2018-06-29
731,5fzGdLTzJDgOYeniy7U2fk,GPS,2018-06-29
732,2QoOyCFpDo4NblMLP7vBRT,Is There More,2018-06-29
733,6Ju28M6P8Y8sLjBgWjyUUD,Hunger,2018-06-29
734,2RAeY8dPj6KmStROfEigjV,Peak,2018-06-29
735,5Ya626jMP5K1S1wmsVQjv8,Golpe Baixo - Ao Vivo,2018-06-29
736,4O5urCzIxZi7Fk27m6TN8G,Show das poderosas,2018-06-29
737,2yoaXLItTfWNpdFFpdF3Ti,June,2018-06-29
738,4cnNrOojGyU6J3OXqVTPIg,Pra Inveja É Tchau,2018-06-29
739,0w1ZtnzQmtmuuoKxHT0pLL,Summer Games,2018-06-29
740,2paiJvhtP3ZZLMxbBtmBA3,Nega,2018-06-30
741,09UnN5g43PtkrXJr3MuDuS,Roda Gigante - Radio Edit,2018-06-30
742,0PaAB17axL9hn88mHiw8g0,Não Fala Não pra Mim,2018-07-01
743,5zRAAPn6tn5rn0ssNM7b18,Faxina,2018-07-02
744,5rq31V6YJVklhB7HxXn9I8,Amor Da Sua Cama,2018-07-03
745,6uf6MiMitjd5RMgU8aamcH,De Copo Em Copo - Ao Vivo,2018-07-03
746,5VKSZDsidOFHrtlJb33Syo,Believer,2018-07-03
747,3dyN3yQuMi2UWKRfRY0ISt,A Mala É Falsa - Ao Vivo,2018-07-03
748,1Zp7mNLp3Q3jeOA0TEl4PI,Never Let Me Go,2018-07-03
749,7BrsBU0BAytRDvROM4yCbn,Thunder,2018-07-03
750,2EVaHMfXlWw4ANf6Mb8c5P,Na Conta Da Loucura - Ao Vivo,2018-07-03
751,3laDGpbCmdrGOhjrcYIBYB,Regime Fechado - Ao Vivo,2018-07-03
752,2vRBYKWOyHtFMtiK60qRz7,Trevo (Tu),2018-07-03
753,2CWnuF7ht55Ajyeg4WPvWu,DDU-DU DDU-DU - KR Ver.,2018-07-03
754,4MyN4jApg11JTCSzCa2YVO,Nega,2018-07-03
755,7JJmb5XwzOO8jgpou264Ml,There's Nothing Holdin' Me Back,2018-07-03
756,0tBbt8CrmxbjRP0pueQkyU,Wolves,2018-07-03
757,2KxHe4qxNgeFcKpE2r2aBt,Deixa Ela Beijar,2018-07-03
758,74i0ocFuhVOLp3f5kNKjeT,Não Deixo Não,2018-07-03
759,6wnCBT8ip4i9HRhM3HVk6d,Linda,2018-07-03
760,20B8QudwR3rtOnZo6hswab,Baianá (feat. Barbatuques & Foreign),2018-07-04
761,3eWHUE5D5R19q7BvOX7NSJ,Sinto sua falta - Ao vivo,2018-07-04
762,0aZfIiaO3b2HTNxZ3sv1cg,Devagarinho,2018-07-05
763,3u1S1OmAUhx5DRlLrXqyp3,Rise,2018-07-05
764,7sP1vX19yRk9To0a7aJDzn,Kream (feat. Tyga),2018-07-06
765,3CnRlykFGmTQWYH6RyKLz2,Você Me Conquistou,2018-07-06
766,4fMjqKYYsvtT6Fvca8lGFl,Sua Mãe Vai Me Amar,2018-07-06
767,1zfYPcxNEOlzKjeR3e5CaX,A Casa Chora - Ao Vivo,2018-07-07
768,2hl6q70unbviGo3g1R7uFx,Échame La Culpa,2018-07-07
769,6JjPBQfI2Y8nIjnm65X6Pw,X - Remix,2018-07-09
770,6cQnrSlTxhHCCiUpKrs7g3,Jumpsuit,2018-07-11
771,6ZIuit0z4eQg77F1RGkp0L,Nico And The Niners,2018-07-11
772,4dEztr8y24Pm5H8nzP4wQv,Menina (Participação especial de MC Barone),2018-07-12
773,4j3GWI86JvSaF0BLdmgcfF,Summertime Magic,2018-07-12
774,7gkWXbAxIYuvtOpcN3p9GJ,God is a woman,2018-07-13
775,2cbMXc0P5s271VwZOUk1Gb,Mulher Maravilha - Ao Vivo,2018-07-13
776,76L8k0PT5lGDkjqs0t7tYV,Sortudo,2018-07-13
777,0s3nnoMeVWz3989MkNQiRf,Lucid Dreams,2018-07-13
778,18KpzkzNNX4myaqT0ROcVY,Quem Manda É a 30,2018-07-13
779,08mG3Y1vljYA6bvDt4Wqkj,Back In Black,2018-07-13
780,4TlOLjhHZjoVGF0qbQc996,Quem É Que Chora por Mim?,2018-07-14
781,2aRdz1goHRuJ2FkDw3vpVX,Anos Luz,2018-07-16
782,7rTkKmS5LbQ0vwv7jgEGbY,Olha Ela Aí,2018-07-17
783,1qCLx3nX25NuhfPjM5E1qV,Ouvi Dizer,2018-07-17
784,43V1z6QToNNWNldV4FEG6r,Body,2018-07-17
785,6SFStUDQZNaGPKWOx9ZiJB,2002,2018-07-19
786,4R5xvs5X0phd0EYWyGigju,Medicina,2018-07-20
787,2G7V7zsVDxg1yRsu7Ew9RJ,In My Feelings,2018-07-20
788,6DCZcSspjsKoFjzjrWoCdn,God's Plan,2018-07-20
789,574kOxVgCcy70oq623rvPE,Pour Over,2018-07-20
790,37erXXnh4mlWE7mdO6EYOp,Ausência - Ao Vivo | Acústico,2018-07-20
791,0rOYqGZFzJzVGcZyXrN3fO,Estranho - Ao Vivo | Acústico,2018-07-20
792,4zIO3ilp5HvTeK3HJHxhMP,Natural,2018-07-20
793,6G8kHiVZ1jW7vHMPVRNZU0,Don’t Matter To Me (with Michael Jackson),2018-07-20
794,1yzBGun3xDY7WpHOIP9nNp,Never Let Me Go,2018-07-21
795,7ppLcVgxpoWAhAa2c0CN3b,Quero Que Tu Vá,2018-07-23
796,54l9GJGQ1UCFKe2tzt1Vxt,Only You (with Little Mix),2018-07-23
797,0d2iYfpKoM0QCKvcLCkBao,Eastside (with Halsey & Khalid),2018-07-23
798,0TlLq3lA83rQOYtrqBqSct,Nonstop,2018-07-23
799,2E124GmJRnBJuXbTb4cPUB,FEFE (feat. Nicki Minaj & Murda Beatz),2018-07-24
800,3Du2K5dLzmduCNp6uwuaL0,Sorry Not Sorry,2018-07-25
801,2dmGj5Nf01FcR6N4HPzAbL,Saudade Nível Hard,2018-07-25
802,4xc6RrWzEOdprPqYn9Cyen,Só Você,2018-07-25
803,0pqnGHJpmpxLKifKRmU6WP,Believer,2018-07-26
804,1zB4vmk8tFRmM9UULNzbLB,Thunder,2018-07-26
805,2OUffBn30YvuPbZ0SmBgNs,Jogando sujo,2018-07-27
806,0wsflw6A3Qrbrl3YbWK8tx,I Miss U,2018-07-27
807,5WvAo7DNuPRmk4APhdPzi8,No Brainer,2018-07-27
808,2XrQcyrxoJ0oXd4w58Y6H2,Um Em Um Milhão,2018-07-27
809,4RREQkD5lRqgDvhsQ643i7,Tbt - Ao Vivo,2018-07-27
810,2lYTJK94hb0fd1LQtb6Dhk,Don't Leave Me Alone (feat. Anne-Marie),2018-07-27
811,6TrzkWV6BhEFTm3wYH92vj,Ioiô (feat. Ivete Sangalo),2018-07-27
812,78ApH7dJHIZhiGJY0PdmKz,Se Joga,2018-07-29
813,0E9ZjEAyAwOXZ7wJC0PD33,In My Mind,2018-07-31
814,7krbSH3rd8lhIZvuzTV3Bl,Naked,2018-08-01
815,3bR8wBqLky6b61ROJlaBEF,"Ai, Amor",2018-08-03
816,3idU6lZVKD6hvGjnpSHde8,Porque Eu Te Amo,2018-08-03
817,0CLOJU0EhFXQWOmJkR8gFy,Calendário,2018-08-03
818,5KV6ycJQtuU1ZZRUUqmV7Y,Outrória,2018-08-03
819,6AFA2QKlJfTdfKJqnBI3aB,A Gente Junto,2018-08-03
820,5X8n5YZVPnFgfZpZ8ZzqBa,O Tempo É Agora,2018-08-03
821,2jV5XDF1xZRT6US9jiME2i,Cecília,2018-08-03
822,6hLuKNWJtf2k7Zi0PlNKH0,Preta,2018-08-03
823,7wBJfHzpfI3032CSD7CE2m,STARGAZING,2018-08-03
824,5IAx5ePf9QztrT7MqdCyDT,Dói Sem Tanto,2018-08-03
825,4oNWSOGTQxNxhapHgpgFfP,Canção De Hotel,2018-08-03
826,1aRU4PdjSYMCo8crP6W04g,Um Sinal,2018-08-03
827,5ReZ4aO1vRnzhxINvPiGJD,Cada um na Sua - Ao Vivo,2018-08-03
828,2xLMifQCjDGFmkHkpNLD9h,SICKO MODE,2018-08-03
829,1Cep0QO4WaDzPou6P8ogOH,Se Tudo Acaba,2018-08-03
830,4Tbzfb4LmjxctKOTPfgWGV,Vou Falar Pra Tu,2018-08-03
831,7KZ5MMVgBVox9ycroB2UrI,CAROUSEL,2018-08-03
832,4VUwkH455At9kENOfzTqmF,Beautiful (feat. Camila Cabello),2018-08-03
833,0b369xoVhUFJOH56pYq4KB,Poesia Acústica #5: Teu Popô - Remix,2018-08-04
834,6vsV4D8BM6PioRr1UOx0n2,you should see me in a crown,2018-08-06
835,0wHLjfLyc26xILjHVMGIHN,Agora Eu Quero Ir,2018-08-06
836,5a8RPWgKSmcGBGcffmIrUi,Thunderclouds,2018-08-10
837,5AQNVgt7BKHKRhrNFFgSPF,Siga a Seta (feat. Matheus & Kauan) - Ao Vivo,2018-08-10
838,1xyVMQx51Kab6eLVtE6twx,Cobaia,2018-08-10
839,63uTe7af9tDJoZbChSmBM6,Lembrete,2018-08-10
840,3JjBLbcN5e7wKuKAPeO8zw,Que Maravilha,2018-08-10
841,5M78WUOq5AjcDfLoj9yi6a,Oi Nego (Não Vai Dar Parte 3),2018-08-10
842,38TgLPNHsPzgqri5G4SPun,Majesty (with Labrinth & feat. Eminem),2018-08-10
843,4iGwWeV7XVIWO9Yy5QExOr,Zé da Recaída,2018-08-11
844,7vj7k6q6yFYYJPIfwe8Bnf,Divisão de Bens - Ao Vivo,2018-08-11
845,44a8Iiss69nVepEPdjuRck,Amor Provisório - Ao Vivo,2018-08-11
846,3cvKOM4MNrGaXmeTw3XdNN,Favela Vive 3,2018-08-11
847,0vT797IpZpF5o1XLCnWCUL,É natural (Participação especial de Bruno Cardoso) - Ao vivo,2018-08-12
848,1zYEfA0th1U7AFtiq0JWRb,Já Deu,2018-08-13
849,6WkJ2OK163XXS2oARUC9JM,Dancin (feat. Luvli) - Krono Remix,2018-08-13
850,4f5q7OZD7Z93a7XdX0SuDc,Vou Morrer Sozinho,2018-08-14
851,7K7MUBCnzgBAvMVW2RTWNs,Body (feat. Brando),2018-08-14
852,0sMgOV0KurBXvZ4G5AJj4X,Problema Seu,2018-08-15
853,1EQ8sBQ7Abv9DvNBzhXAcv,Pra Você Guardei O Amor,2018-08-15
854,39W953OaTIFMNGDkH4SY4u,Dois Corações - Acústico,2018-08-15
855,3NfxSdJnVdon1axzloJgba,I Say a Little Prayer,2018-08-16
856,7s25THrKz86DM225dOYwnr,Respect,2018-08-16
857,04ZTP5KsCypmtCmQg5tH9R,I'm a Mess,2018-08-16
858,5OCJzvD7sykQEKHH7qAC3C,God is a woman,2018-08-17
859,4OafepJy2teCjYJbvFE60J,breathin,2018-08-17
860,2JVbZEpewmqNlSzmXJTx2E,Favela,2018-08-17
861,1XVN2BVHfKUUcMH0jxSRZ5,Vou Morrer Sozinho,2018-08-17
862,2qT1uLXPVPzGgFOx4jtEuo,no tears left to cry,2018-08-17
863,70khXICDeTTxgYtw3EysKH,sweetener,2018-08-17
864,0v2LUO8oTHnkjQ8MmKuXyk,raindrops (an angel cried),2018-08-17
865,4mLkiFppf8Xvem6BSY34qw,blazed (feat. Pharrell Williams),2018-08-17
866,1xWH8zYtDeS9mW1JJG23VZ,R.E.M,2018-08-17
867,0WdR2AyLW1Drd3OUdwezM0,everytime,2018-08-17
868,5YeHLHDdQ4nKHk81XFWhCU,successful,2018-08-17
869,0sdbFOyfgAhAhWq8DpzkaW,the light is coming (feat. Nicki Minaj),2018-08-17
870,5N5k9nd479b1xpDZ4usjrg,Promises (with Sam Smith),2018-08-17
871,14kYOiFVPb7E7NfFbqhdln,goodnight n go,2018-08-17
872,0XOnMqLQDO89iAg7dWWwnG,pete davidson,2018-08-17
873,7kRhodBTcAQXGoZdTEw8fZ,Me Beija Com Raiva,2018-08-17
874,3NbTQ8ZbHU6MSEVUFAVCJ9,better off,2018-08-17
875,4b7mLZQWsy0rLnrMtPA9fQ,borderline (feat. Missy Elliott),2018-08-17
876,0S86atec73KKaexn67JsDy,Imaturo,2018-08-17
877,7u6DMPznGbpziuEgCE0JGQ,get well soon,2018-08-17
878,2703CNb2od5iv56bRo2Y3h,Lindo Demais,2018-08-17
879,2OKEIwfQhf2a6lJuR3aMXJ,A Rua,2018-08-17
880,55GFbaI6W1laRMFdLdRw8Z,Ainda Te Amo,2018-08-17
881,0x6VtkygihOEhwoPQppHYU,Lobos,2018-08-17
882,2dpaYNEQHiRxtZbfNsse99,Happier,2018-08-17
883,5vnpANH92iEajvGwE2oQ6r,Real Friends,2018-08-17
884,0IQhbmEHBKRkITY5ygyLWB,A Distância Tá Maltratando,2018-08-18
885,4IlDjZbhFO0ZjLf5HHR5m7,Tipo Rave Balança o Popô,2018-08-19
886,2CQIkcjLc8Q2grtoctPz72,Lugar Secreto,2018-08-20
887,0kCqaybZgYcLYxzZymmBoc,"Quem Pegou, Pegou - Ao Vivo",2018-08-21
888,33zcmmElV1YbRZe57biUjg,Celoso,2018-08-21
889,5qLTGDTTIHxxIU835qJWfT,Quero Ser Feliz Também - Ao Vivo,2018-08-22
890,2H1liABu20HXBOmbt5SQz1,Ciumeira - Ao Vivo,2018-08-24
891,5Xn4IyTtW6FUGIUyWjbUHG,Goodbye (feat. Nicki Minaj & Willy William),2018-08-24
892,03iCbZaM4OkRR4We6wIzvx,IDOL,2018-08-24
893,2AIWoHr9DF6y4KALCBKWQS,IDOL,2018-08-24
894,3kXOMpUjIGkRHyZiAp7eMS,Areia,2018-08-24
895,63MtMwfhxUvM2cyUNb5Iux,First Time,2018-08-24
896,1tKSESuh7Rdpwe3bqxiWOH,Morena,2018-08-24
897,4eVkn18rN4GguUWOsR6Use,Answer : Love Myself,2018-08-24
898,3p6hnejEQYXkiTO1lAzVc0,Euphoria,2018-08-24
899,0usLRFLmYXYahKNgXxsuJc,Trivia 起 : Just Dance,2018-08-24
900,0EQMrxdeiBhry9JCxskko3,I'm Fine,2018-08-24
901,0PJBQEOLyA0Q7xnTzUFcji,Troca de Favor - Ao Vivo,2018-08-25
902,2E8Shaw5menB7ImgCQA4th,Beijo De Varanda - Ao Vivo,2018-08-25
903,0iJkUGVnog3bSJVbicIEZe,3am,2018-08-27
904,3EPXxR3ImUwfayaurPi3cm,Be Alright,2018-08-27
905,5kuUOpHZlZjL8b7HXkxRsm,Luxúria,2018-08-27
906,4XAG36kbBEarr5pHv44wDn,Contramão - Ao Vivo,2018-08-27
907,23DMhYv6WjRmIRck1Uwjev,Bilhete 2.0 (feat. Luccas Carlos),2018-08-29
908,7uo8jZ0poUYDYtyxjlzWBQ,Prefiro Nem Perguntar - Radio Version,2018-08-29
909,5TUYLsiIi3tuvR2fCJjZUy,Kikadinha,2018-08-30
910,7LPR6AdkOQR9WpEixCGNCk,Sapequinha,2018-08-30
911,3UVYFTNeQtbQKvutPs5TfM,Dona da Minha Vida,2018-08-31
912,1xd17oTRJ5sFIHySHLnad9,Algo Parecido,2018-08-31
913,6VcaTmR9UhOuZD7aNNilOV,Sou Favela,2018-08-31
914,2jt2WxXMCD4zjACthkJQVE,The Ringer,2018-08-31
915,3buGB7k4NFkMEz4RA8BMYn,Coração Infectado,2018-08-31
916,7rLegaz7zKB6EtDNzcslKE,Medley da Gaiola - Dennis DJ Remix,2018-08-31
917,60SdxE8apGAxMiRrpbmLY0,Lucky You (feat. Joyner Lucas),2018-08-31
918,4b08wlmxdHRHS1jLS4wcmd,Deus Me Livre Quem Me Dera,2018-08-31
919,0vWNGOcd15MecWZIw0jKcE,Serei Luz,2018-08-31
920,4X1VKGGXdMe2ThKtOhI0Fo,Coração de Quatro,2018-09-01
921,3NkNyp3fNXylzCd4CYyG2K,Nota Dez,2018-09-02
922,2XTquzYQAdT1Hk78bOUwsv,Greatest,2018-09-03
923,7xS7J7H1HUOQWjWL2dVEeT,Brasileira,2018-09-03
924,2gsNpSn7VvvJuSrIDfRoYy,Kamikaze,2018-09-03
925,28FGV3ORH14MYORd7s5dlU,Not Alike (feat. Royce Da 5'9),2018-09-03
926,6jreFSOTUAViWjKyzOC4Kg,REMEDY,2018-09-04
927,049Gol3HThYrMKwaA063O8,Perdendo A Mão,2018-09-07
928,4CdMz076UN8RyeWGQCdqFZ,Bem Pior Que Eu - Ao Vivo,2018-09-07
929,5N4erncE7kuUccm7zEmwzk,Electricity (with Dua Lipa),2018-09-07
930,3q74k4YGz5687QPwCZLQgt,Batom,2018-09-07
931,4S8d14HvHb70ImctNgVzQQ,I Love It (& Lil Pump),2018-09-09
932,7Dp0unlUzhQtk60rVq5mMC,Lugar Secreto,2018-09-10
933,7r4GcILxwSpjADa4KFbob3,De Peça em Peça,2018-09-10
934,51HrDv54pSe1IqynORNXBd,O Bebê,2018-09-11
935,05KtnDxY4V7aMeHxwumTkY,Coração Bandido,2018-09-11
936,4UAW2gObi5o6sJla0qZpPn,Mariners Apartment Complex,2018-09-13
937,6N46P4y6dlnrtAWWCaHu7O,My Baby,2018-09-13
938,2PMLdLt5QeOuOgxfAvx1in,Sofazinho - Ao Vivo,2018-09-14
939,4y17a6dAJ8P1jeZpd2LCrC,Casa da Mãe Joana - Ao Vivo,2018-09-14
940,0Qy4LAxs3AODon6SV12TYt,Coração Está em Pedacos - Ao Vivo,2018-09-14
941,2X8sssaxS5GReg6945B6RW,Só Pra Castigar,2018-09-14
942,7KdcbYcVF8LkQeQcTYOixJ,Vingança - Ao Vivo,2018-09-14
943,0YammaEkYSeo9vQYZ1OwS6,Say My Name,2018-09-14
944,4DXjfzDxkhD5eYGk03LoA6,Keep On Lovin',2018-09-14
945,3YtGzibs86TyYJ2XNutpG8,A - Ao Vivo,2018-09-14
946,2zy9TMoZlYGuCNY4TLqG24,Don't Leave Me Alone (feat. Anne-Marie),2018-09-14
947,4LDOAbqOhaAcY5ccwfIlJL,Energia - Parte 2,2018-09-14
948,66BjcDhhwWCcQIBxHMpKXh,Flames,2018-09-14
949,2rKF1APjqEGwIU9useJ1dt,Machista - Ao Vivo,2018-09-14
950,2k1m7RUPPu6jpruSuLboLr,Quarto - Ao Vivo,2018-09-14
951,0QIjsbm2fh1cJ45XO9eGqq,Wake Up in the Sky,2018-09-14
952,4F1zT92M10iYBfLOrUhFIL,100% Nem Aí - Ao Vivo,2018-09-15
953,4T3fNx3CgwDRRYgmFCbD4J,Better,2018-09-17
954,43wzy7JxMEfvCh8ZFeZKYk,Right Now,2018-09-18
955,7MnT7msJZg3XBAS0OTfGrB,Tempo Perdido,2018-09-18
956,1N7YeVU0ZwAFbOhwM61ef6,Head Above Water,2018-09-19
957,0Dn40gxVCMo5TkgS8Ik18Q,Falling Down - Bonus Track,2018-09-20
958,5EKHbW7mXcAR4hCyS3YXjb,Atrasadinha - Ao Vivo,2018-09-21
959,1NocSraHhZfASkuG2WdE5r,Pra Me Refazer,2018-09-21
960,1vJhizGd0qtv4qXKzAm6Zr,Solução,2018-09-21
961,2YJAIDwnezLX52s3ZBPyC7,Cidade Vizinha,2018-09-21
962,15kQGEy89K8deJcZVFEn0N,This Feeling (feat. Kelsea Ballerini),2018-09-21
963,3Hb9kUdm4yf839Fle4RIdT,Parado no Bailão,2018-09-24
964,6xtcFXSo8H9BZN637BMVKS,Let You Love Me,2018-09-25
965,3MQMBm2m3UqpT23doEOZc2,Always,2018-09-25
966,0PgsB53yhlKs8D19LgYU4i,Se...,2018-09-26
967,5lK18Pt33xNudq4qYDxIm8,Shallow,2018-09-27
968,4w8niZpiMy6qz1mntFA5uM,"Taki Taki (with Selena Gomez, Ozuna & Cardi B)",2018-09-28
969,2bbfiUnH4CATlekDS1dxNr,I Will Find,2018-09-28
970,1HgCJymAVcOMKUIkBYLOUF,Já convenci - Ao vivo,2018-09-28
971,3VXnDxWmTQTxTVW0eCEZX7,Apaga a Luz,2018-09-28
972,7rvW49PvaFKGyfeoxay9Go,Eu Vou pro Baile da Gaiola,2018-09-28
973,2LuBeUkF4zqm09IsDW939w,Um Só que pra Mim é Tudo - Ao Vivo,2018-09-28
974,575NJxNUVDqwJGdzBrlLbv,Lost In Japan - Remix,2018-09-28
975,6DbilmNwNgwk7M5ZUD2gyV,Tu Tá na Gaiola - Radio Edit,2018-09-28
976,5OPyKMyTBMOyRCmSFazMGb,Tem Quem Gosta,2018-09-29
977,4lEw9Id7kLDSJ6KRdaenM9,Espaçosa Demais - Ao Vivo,2018-09-29
978,4r0K5FOCCyuAEb6BsR2ziw,Sou Favela,2018-09-29
979,0H8CBal2Dcu5Yc001VotZN,Dona de mim,2018-09-30
980,6TLHo63Z3wqHkW6adVeEwZ,Plaqtudum,2018-10-01
981,69Sy7207dnixZ6w7RSV9Kb,RISE,2018-10-01
982,3xgDQRexKiyS4Eq3oAvLaD,Disk Me,2018-10-05
983,7uTv9wHkOPh5P9HFmkOE28,Problema Seu,2018-10-05
984,7fP2cpq8jUlXz3h2QfEpgs,Buzina,2018-10-05
985,220QqE38Qrmyrtyd5xqB8i,Seu Crime,2018-10-05
986,2TIVDrIGj1CrwDabUXqqNR,Não Vou Deitar,2018-10-05
987,5XZur2QUZ1yY1OclXoKFUt,Trago seu Amor de Volta (feat. Dilsinho),2018-10-05
988,1hyZhrsBVJZ3uTgbGGQwCn,Vai Embora (feat. Ludmilla),2018-10-05
989,7zvGNZu33bC4jZEkXHdDZ6,Ouro (feat. Urias),2018-10-05
990,5HRzqOUfdVsHxDEBQImCT3,No Hablo Español,2018-10-05
991,6pgoGpBkKUvXrrU95j0khl,Cidade Vizinha - Ao Vivo,2018-10-05
992,3s33n54zuQthXrRCpfzUgk,Miragem,2018-10-05
993,4btS3p4qAWhM3fKfZPCQRV,Vai Que Bebereis - Ao Vivo,2018-10-05
994,2VxeLyX666F8uXCJ0dZF8B,Shallow,2018-10-05
995,4fPT1t2uhxDepW6OFMqvpD,Segue O Plano - Ao Vivo,2018-10-05
996,2TwXFIHtvm9Pk9w6Byf2Pe,Desbeijar Minha Boca - Ao Vivo,2018-10-05
997,1l1e5g3jAQq1MehZ6htmWb,Briguinha Boba (Pã Pã Rã Pã Pã) - Ao Vivo,2018-10-05
998,5p7ujcrUXASCNwRaWNHR1C,Without Me,2018-10-05
999,01vv2AjxgP4uUyb8waYO5Y,Morph,2018-10-05
1000,0KRO9htUNCfnXFeEVWG5Mz,Garrafas Vazias - Ao Vivo,2018-10-05
1001,6nvyQL1FP00DAlPD3qh4Kl,Eu e a Saudade - Ao Vivo,2018-10-05
1002,5HeKOKc4phmLn8e4I7EkzD,My Blood,2018-10-05
1003,3IFUyTPMOkdjRRPVhiJyHw,Três Corações - Ao Vivo,2018-10-05
1004,23OXdR7YuUBVWh5hSnYJau,Chlorine,2018-10-05
1005,2itADAsRl3duen2Rsr2ZbT,Rua Recaída - Ao Vivo,2018-10-05
1006,3ahzlIaskYtUDmtCrhvPO8,Você É Gostosa,2018-10-06
1007,2QkXuBmYljpYwgcyqbA1C2,Algo Parecido,2018-10-10
1008,4gMgiXfqyzZLMhsksGmbQV,"Another Brick in the Wall, Pt. 2",2018-10-10
1009,6rrTr2HEAzlpC4KWZxF3S1,Woman Like Me (feat. Nicki Minaj),2018-10-12
1010,0bQWrpOuFcxQlBMiZkfkB2,Bye Bye - Ao Vivo,2018-10-12
1011,116H0KvKr2Zl4RPuVBruDO,MIA (feat. Drake),2018-10-12
1012,1ELXy0IfF2iKYwnsUqbYIQ,Tijolinho por Tijolinho,2018-10-12
1013,7I7gT6nqhWNqPJwe8BKzw1,Quem Me Dera - Remix,2018-10-12
1014,6FWMkcaZyKS8I60zR6ro7h,Dentro do Carro,2018-10-12
1015,0qFHLde09T8wwoxQOhGtJQ,Solteiro Nunca Está Só,2018-10-13
1016,74iZuPGwyL33VlTr6jTnab,Always Remember Us This Way,2018-10-15
1017,2Y73798F4zbbbvKT02fbtE,Finalidade Era Ficar em Casa,2018-10-16
1018,1ArLnG0bHaHPXqf08sEKM0,Consequences - orchestra,2018-10-17
1019,2dEkETSUpO8oZoCOcKT1yN,Tonelada de Solidão (feat. Ferrugem) - Ao Vivo,2018-10-17
1020,4lvGHfDuzfv9uDTHMrRMiH,O Sol,2018-10-18
1021,36UiRg8wGUOFC3E0gdyvFA,Morena,2018-10-18
1022,13hvHEstJ4sNbzdroPrPI3,Kiss and Make Up,2018-10-19
1023,29dRTbLTxRaSl63DIzbjvl,Quem Me Dera,2018-10-19
1024,3xRicZvi4SnqWUpgfmB3Uy,Briguinha Boba (Pã Pã Rã Pã Pã) - Ao Vivo,2018-10-19
1025,3mNmUjoDHYDYj08IaRPtg0,Posto 24h (feat. Wesley Safadão) - Ao Vivo,2018-10-19
1026,0nWhvEGfDmIuz6ujMPaMBn,Innocent (feat. Gavin James),2018-10-19
1027,2xJCMIJfcNYDc5iR0sAm2O,New Rules,2018-10-19
1028,2OpBganfGk2GVdSlRdxzaX,Better,2018-10-19
1029,4AhSkRYioEIfGvCV19peYN,Suncity (feat. Empress Of),2018-10-19
1030,5y8XbaMA50ckM6DiOtPpq9,Que Maravilha,2018-10-19
1031,67B2zQQTGWplLAnOHMigke,Regras - Ao Vivo,2018-10-20
1032,1A6OTy97kk0mMdm78rHsm8,Sunflower - Spider-Man: Into the Spider-Verse,2018-10-20
1033,4aC48Yffpsw01b7sBJxase,Rabetão no Chão,2018-10-21
1034,2bwNhYxgQlkokiEn94eAYT,Singular,2018-10-22
1035,2rbDhOo9Fh61Bbu23T2qCk,Always Remember Us This Way,2018-10-23
1036,1EXotCuzdXR34W1MoP6Um7,Expectations,2018-10-24
1037,0g5Bqcm6EcbcUXkiCnHxzk,Anos Luz,2018-10-24
1038,4xwPOyN9VgaTPehdsLiYul,Dois Corações,2018-10-24
1039,3vq8QiiecoeGdKgoB2gvK0,Young Again,2018-10-25
1040,2r1T6xGTVaNAqBoPH4lZEE,Waste It On Me (feat. BTS),2018-10-25
1041,7uU04pPMnKELpv8mIJ3yLa,Zé da Recaída - Ao Vivo,2018-10-26
1042,126x7SdXVva2Dqh2is2CEe,Carrinho Na Areia - Ao Vivo,2018-10-26
1043,1F46LaY3gYpvL2r534FeWs,Respeita o Nosso Fim - Ao Vivo,2018-10-26
1044,0E5S49GCejjIo9Bjmo5Q4z,Sem Sal - Ao Vivo,2018-10-26
1045,68AFwp0MnkWketMmnfvzR8,Jacuzzi,2018-10-26
1046,25a5snI2oABHeflZaeDF1O,Conta Gotas - Ao Vivo,2018-10-26
1047,5ohqhIfOYly0ijyCos7Q6x,10 Anos - Ao Vivo,2018-10-26
1048,2LskIZrCeLxRvCiGP8gxlh,Arms Around You (feat. Maluma & Swae Lee),2018-10-26
1049,5eMmT4Ava5BGThju0AD8vQ,Cem Mil - Ao Vivo,2018-10-26
1050,1RZv4qMqe4Cnd61GLdNBc0,Mundo de Ilusões - Ao Vivo,2018-10-26
1051,2AuQcbltEHog9kOv9Ms3W3,Sujeito - Ao Vivo,2018-10-26
1052,7mZEur2Re8vHsEBRdMk4fL,Mil Vezes Cantarei - Ao Vivo,2018-10-26
1053,2lTY3UNgi1GpGu0MDyAHZl,Tudo Que Vai um Dia Volta - Ao Vivo,2018-10-26
1054,5bE0rKr5yk3g7wkLxRwE67,Expectativa - Ao Vivo,2018-10-26
1055,0Y5472rSZNp5w966ZkFG3a,DNA - Ao Vivo,2018-10-26
1056,1xCpKtc4kC9sgF0FRc43u2,Na Hora de Amar - Ao Vivo,2018-10-26
1057,5xesHO6GLWTrjsKOjAXRmf,Checklist (with Calvin Harris) (feat. WizKid),2018-10-26
1058,2PbQHe7hjLha67hBDlGkrh,O Resto É Resto - Ao Vivo,2018-10-26
1059,5JEx7HbmvHQQswJCsoo9rA,Close To Me (with Diplo) (feat. Swae Lee),2018-10-26
1060,39oQaTwoy6v6uGKxpXiWbO,Por Covardia Minha - Ao Vivo,2018-10-26
1061,2YeJ8N8LBCQBRxI0TIpMo6,O Mito Chegou,2018-10-28
1062,6aDZ4ooie7E71nojxfYIO5,Como Nossos Pais,2018-10-28
1063,5sKnnEybrfzmShFEuvCoBN,Lençol Dobrado,2018-10-28
1064,39cmB3ZoTOLwOTq7tMNqKa,Hear Me Now,2018-10-28
1065,2GAFZG9Z7UGS1iMm4Idrnr,Apesar De Você,2018-10-29
1066,14JzyD6FlBD5z0wV5P07YI,when the party's over,2018-10-29
1067,6zeeWid2sgw4lap2jV61PZ,Better,2018-10-29
1068,3eCofNVG97J3lRyNhh0zPP,Boa Menina,2018-10-31
1069,4zYA8quFjwijnPm3YPz7l2,Novo Poder,2018-10-31
1070,5ixqGGFu0hdHfErdp32QwT,Jenifer,2018-10-31
1071,7tFiyTwD0nx5a1eklYtX2J,Bohemian Rhapsody - Remastered 2011,2018-11-01
1072,7oL4DQW2RqvpXzhd2cAyDa,Zé Ninguém,2018-11-02
1073,3RVylAtukXgF7xSXFn2OwA,O Impossível,2018-11-02
1074,5ftQSVAHs7iqULWKQn0fjK,Machine,2018-11-02
1075,4ni6UUDQDC5rBCHIJvG3Kn,Volta Mozão,2018-11-02
1076,0MWKXvUVtvOKamfqRpnAdp,Agora vai sentar,2018-11-03
1077,3FOOdP48VrHCAviC34L84Q,Péssimo Negócio - Ao Vivo,2018-11-03
1078,1fLhGF1JfGQYj6EZLndD86,Baby (feat. MARINA & Luis Fonsi),2018-11-03
1079,2rPE9A1vEgShuZxxzR2tZH,"thank u, next",2018-11-04
1080,2fuCquhmrzHpu5xcA1ci9x,Under Pressure - Remastered,2018-11-04
1081,5vdp5UmvTsnMEMESIF2Ym7,Another One Bites The Dust - Remastered 2011,2018-11-04
1082,5sbooPcNgIE22DwO0VNGUJ,POP/STARS,2018-11-04
1083,6cFZ4PLC19taNlpl9pbGMf,Somebody To Love - Remastered 2011,2018-11-05
1084,4pbJqGIASGPr0ZpGpnWkDn,We Will Rock You - Remastered,2018-11-05
1085,5T8EDUDqKcs6OSOwEsfqG7,Don't Stop Me Now - Remastered,2018-11-05
1086,6zdrUt0j8guhZfcSF6X2Sb,Quer mais?,2018-11-07
1087,1KFN3kB4hc6r7ILpifFsqf,Veneno,2018-11-09
1088,5zhnwbZWsbfJFNcrdO3LYB,Não perco meu tempo,2018-11-09
1089,5Oz3TWYhneHj2fo5ttwPu1,Goals,2018-11-09
1090,2RSHsoi04658QL5xgQVov3,Bad Liar,2018-11-09
1091,2FY7b99s15jUprqC0M5NCT,Natural,2018-11-09
1092,5vbUG4Vo536Lyy6dwdY6Kg,Siga a Seta (feat. Matheus & Kauan) - Ao Vivo,2018-11-09
1093,3W7dbKv3TYGktiBDwz01Si,Empatia,2018-11-09
1094,7xKdKUYIjuccbHWUdQFoqT,Gente (De Zero a Dez),2018-11-09
1095,1r62NEaZiAwJllEGCySaIq,Troca de Favor - Ao Vivo,2018-11-09
1096,4uGY9CqDtGtaTTLg1cgsWD,Machine,2018-11-09
1097,1QnU5TKzF2u2ufYnhklodN,Florescer,2018-11-09
1098,5TJbWCNES6iVDUGivsxs0s,Me Refez,2018-11-09
1099,2B1fuWoWaYnCXbjYp1gXg5,Boomerang,2018-11-09
1100,2KteFElts1GB6LuEiK80lu,Solitude,2018-11-09
1101,1xU1K8Pf2ta74HxJDwo5bQ,Sem Querer,2018-11-09
1102,0B9OGfl5twk1UhYnrZv6QH,Eu Te Amo Tanto,2018-11-09
1103,0XEJ7eph2IWFYZc73Jm3n2,Infarto,2018-11-09
1104,2bzitsPcImYC6DZWvvLCQi,"Zero - From the Original Motion Picture ""Ralph Breaks The Internet""",2018-11-09
1105,1Ko3CMKQkQJs51ubIM61k9,Eu Não Valho Nada - feat. Cynthia Luz,2018-11-09
1106,4ROlUJ7OwNCF9lXflywOeC,Viver (Participação especial de Lula Queiroga),2018-11-09
1107,6LXMUR2rpxFBDo6nilS3yX,Cool Out,2018-11-09
1108,4jvjzW7Hm0yK4LvvE0Paz9,Falling Down - Bonus Track,2018-11-09
1109,0VBtoPrvYEtxq1aLwNq60S,Alegria,2018-11-09
1110,11h8Pj8FNBmbh0qPegb3rS,Eles,2018-11-09
1111,0N8jU1f4bzxT5eUjDx9g4Z,Liberdade,2018-11-09
1112,0gEqZe7K7dVg7rpe77kB4L,Chacoalhando,2018-11-10
1113,2rElNEk2ey7WoFc4ZvOheZ,Coração de Isca - Ao Vivo,2018-11-11
1114,0IQCOAw9ZAI6WnXIrl481F,Hoje Eu Vou Parar Na Gaiola,2018-11-12
1115,2wVDWtLKXunswWecARNILj,SOLO,2018-11-13
1116,222B3aljXx6fFwKmFjuBED,Woman Like Me (feat. Nicki Minaj),2018-11-16
1117,6XkEw1h2Hq4fGnSm0JuSIs,Strip (feat. Sharaya J),2018-11-16
1118,0bBiQSsQ7AJsNpU63IpkNA,Então Vem Cá - Ao Vivo,2018-11-16
1119,3QkKCTSHnJlUag0GG9F1cN,Maturidade (feat. Matheus & Kauan),2018-11-16
1120,4I2Asr8QXhpF7lhizSEnwW,My Baby,2018-11-17
1121,7b10G3FkGf6BlqiIuAE86l,Vai perereca,2018-11-21
1122,14sOS5L36385FJ3OL8hew4,Happy Now,2018-11-22
1123,66toMgjEVAujGwyc1PEDvx,Próximo amor,2018-11-23
1124,2BF6mQdYAkLmeRQmX7YyPy,Me Desculpa Jay Z,2018-11-23
1125,3hHMr9tAmcqGqUjX8awAzL,Bluesman,2018-11-23
1126,3baOycIMQ6LRDU9vK5uvSH,Girassóis de Van Gogh,2018-11-23
1127,6cySaD4BYMOFlXI3cNS1tL,Queima Minha Pele,2018-11-23
1128,1KIMRoLleFJCwABBrlAOPI,Pra Me Refazer,2018-11-23
1129,4f6tOwKVurENOwUvi405Gh,Minotauro de Borges,2018-11-23
1130,28SWsF1IQxfc9bP5yua35K,Provocar,2018-11-23
1131,7wcDSsREsX9wn8P1iEdBgj,Flamingos,2018-11-23
1132,5Yzb3sVRYO4kqHhy0iVs1K,Clichê (Participação especial de Felipe Araújo),2018-11-23
1133,03NCUnoUnGAU7fjTaY8Lvo,Kanye West da Bahia,2018-11-23
1134,7wC5eZcFS1Q1BsQ35DU6H4,come out and play,2018-11-23
1135,2CTN6UuO2dNEVZXR0DJVk2,Only Want You,2018-11-23
1136,7jlGVKeRzOz7fGk6pSiPlb,Grupo bom,2018-11-23
1137,4HTrlT5mmxPaZZKs4JSPeI,To Gostando Tanto de Você,2018-11-25
1138,2V0VhqNaIDS4jS4ZRXdD2H,Preto e Prata,2018-11-26
1139,4FKXfcmdye6qnoR7UPeeCz,BB King,2018-11-26
1140,5teD7XWCJmZAXQQFeZPz5U,Te Amo Disgraça,2018-11-26
1141,5lYKob6hewwt3dcy5kWMfF,Praia do Rosa - Acústico,2018-11-28
1142,27rdGxbavYJeBphck5MZAF,Nothing Breaks Like a Heart (feat. Miley Cyrus),2018-11-30
1143,3o67Yt3Ua1qlSNV22zWUAn,Traí Sim - Ao Vivo,2018-11-30
1144,3g0KPXd30xVTmZEVf9P4FX,Chovendo Inimigo,2018-11-30
1145,5bp0iH4hXKrvwxi64oDGon,Bebo Litro - Ao Vivo,2018-11-30
1146,0R4dwzW253KTxchGryT1H6,Mandona - Acústico,2018-12-03
1147,5yH8pYxNckOU1cxfPsMIaz,Agora é Tudo Meu,2018-12-07
1148,2xSrXv2kHXdBGCXv31TzeQ,Cada um na Sua - Ao Vivo,2018-12-07
1149,6BhEFJ4QKZC36hNZw2j8Xq,Zona de Risco (feat. Maiara & Maraisa) - Ao Vivo,2018-12-07
1150,7oEr56KG6odStlQH0nvdyr,Solteiro Não Trai - Ao Vivo,2018-12-07
1151,2oezDpHysEKUuXSAuanT4M,Passa Mal - Ao Vivo,2018-12-09
1152,2lAyctg5FocS67eksHoyIg,Quem Me Dera,2018-12-12
1153,0todbbT9g5uQGbeFCiBf2F,imagine,2018-12-14
1154,08qhlblL5nfKeBDTQrzi8E,Santo Forte (feat. Luan Santana) - Ao Vivo,2018-12-14
1155,1qSikFO1BLTMyZCi2SbksV,Pray (feat. Conor Maynard),2018-12-14
1156,155EsNGoXo7XSVF84oTPam,There You Are,2018-12-14
1157,7E5cJjrgYLHo13pI0hpmWw,Não Atende Não,2018-12-14
1158,7oe0Ix6qnvqZhK0zDzOPie,Então Vem Cá - Ao Vivo,2018-12-15
1159,1T7aSWZQIorPMzRT8jTMXc,Bebi Liguei - Ao Vivo,2018-12-16
1160,1uvU55DdRfLleIxWF8dWxA,Meio Seu,2018-12-16
1161,3KkXRkHbMCARz0aVfEt68P,Sunflower - Spider-Man: Into the Spider-Verse,2018-12-17
1162,3QtOsthM0N3gRfD3dkqbl4,Eu não vou embora,2018-12-19
1163,2S9UiaHpsdB2s3ZNzCObLQ,Sensacional (feat. Cacife Clandestino & MC Kevin o Chris),2018-12-19
1164,7j5Bbkg5cHDkf0ETPGf2Uh,Cada um na Sua - Ao Vivo,2018-12-20
1165,7qQV8fo97AFhrL9HPUeAsk,Zona de Risco - Ao Vivo,2018-12-20
1166,5WxtmHAcrDbghHVGupu18h,Save Me (feat. MKLA),2018-12-21
1167,6sAwJPgaSQ9Q4XGnbx1gZb,Mala Mía - Remix,2018-12-21
1168,09Q3su74ehVmR87tA3msB9,Eu Não Iria - Ao Vivo,2018-12-22
1169,0bYg9bo50gSsH3LtXe2SQn,All I Want for Christmas Is You,2018-12-24
1170,0lizgQ7Qw35od7CYaoMBZb,Santa Tell Me,2018-12-24
1171,7vQbuQcyTflfCIOu3Uzzya,Jingle Bell Rock,2018-12-24
1172,6MWtB6iiXyIwun0YzU6DFP,Wow.,2018-12-24
1173,7inXu0Eaeg02VsM8kHNvzM,Let It Snow! Let It Snow! Let It Snow! (with The B. Swanson Quartet),2018-12-24
1174,4i9uK1cMwP1Pc5zHhtMEde,Cheia de Manias,2018-12-25
1175,39aWBx86ZdvXQ9d0fRAXxH,Fingindo Maturidade - Ao Vivo,2018-12-25
1176,3HdvjjrWBBwsEEcWjs3p1m,Teste da Mãozinha - Ao Vivo,2018-12-25
1177,5vAH9kwRajhfewbqBczqwJ,Espelho Meu - Ao Vivo,2018-12-25
1178,4MF0VMffyxHsy3GZwwUnAs,A Morte do Autotune,2018-12-25
1179,7wlVp1Tpmci5q9368PAgAN,Então É Natal (Happy X-Mas)(War Is Over),2018-12-25
1180,13Rf6RaZT13TW4xLQR3MQr,Poesia Acústica #6: Era uma Vez,2018-12-26
1181,1umg63iFtVHFgkapPsKjId,Tudo que sonhamos,2018-12-28
1182,5NOO7qygc1MqwVqP5sR92a,Chorar pra Quê,2018-12-30
1183,7iNcOVH9n4EEY2rwWAQOsA,N,2018-12-31
